:020000040800F2
:10000000000008242D14010881140108811401083E
:100010008114010881140108811401080000000006
:100020000000000000000000000000008114010832
:10003000811401080000000081140108A7E70008EE
:100040008114010881140108811401088114010838
:100050008114010881140108D9E80008DFE80008CC
:10006000E5E80008EBE80008F1E80008753C000846
:10007000813C0008811401088D3C0008993C00086F
:1000800081140108811401088114010881140108F8
:10009000811401088114010881140108F7E800089F
:1000A00081140108D5D4000881140108E9D400089E
:1000B000EDD4000801D5000815D50008A94C0008AA
:1000C000B54C0008C14C0008CD4C00088114010853
:1000D0008114010885F300089DF30008B9F30008B6
:1000E0001FE9000881140108000000009DD50008E8
:1000F00065D50008B1D5000889D50008811401082C
:10010000811401088114010829D50008811401080F
:10011000D5F30008EDF300083DD5000851D50008DF
:100120008114010881140108811401088114010857
:100130008114010881140108811401088114010847
:1001400000000000000000000000000000000000AF
:1001500081140108811401088114010805F40008C4
:10016000D94C0008E54C00088114010881140108ED
:100170008114010881140108811401088114010807
:10018000811401088114010835F400084DF40008B9
:1001900081140108811401088114010881140108E7
:1001A00081140108811401088114010881140108D7
:1001B000B53700088114010881140108F14C0008CA
:1001C0000D4D0008811401088114010881140108F3
:1001D0008D000108810001088114010881140108C3
:1001E0008114010881140108811401088114010897
:1001F0008114010881140108811401088114010887
:100200008114010881140108811401088114010876
:10021000C5D50008D9D50008EDD50008811401081E
:1002200081140108811401088114010800000000F4
:1002300081140108811401080000000081140108E4
:100240008114010881140108811401088114010836
:100250008114010881140108811401088114010826
:100260008114010881140108811401088114010816
:1002700081140108811401081DF400080000000029
:100280008114010881140108811401080000000094
:080290000000000081140108C8
:10029800034613F8012B002AFBD1181A01387047BE
:1002A80081F0004102E000BF83F0004330B54FEA1F
:1002B80041044FEA430594EA050F08BF90EA020F8C
:1002C8001FBF54EA000C55EA020C7FEA645C7FEA1F
:1002D800655C00F0E2804FEA5454D4EB5555B8BF42
:1002E8006D420CDD2C4480EA020281EA030382EAB3
:1002F800000083EA010180EA020281EA0303362D45
:1003080088BF30BD11F0004F4FEA01314FF4801C17
:100318004CEA113102D0404261EB410113F0004F29
:100328004FEA03334CEA133302D0524263EB4303E0
:1003380094EA050F00F0A780A4F10104D5F1200E7E
:100348000DDB02FA0EFC22FA05F2801841F10001D9
:1003580003FA0EF2801843FA05F359410EE0A5F1AD
:1003680020050EF1200E012A03FA0EFC28BF4CF0DE
:10037800020C43FA05F3C01851EBE37101F0004594
:1003880007D54FF0000EDCF1000C7EEB00006EEBA1
:100398000101B1F5801F1BD3B1F5001F0CD349082B
:1003A8005FEA30004FEA3C0C04F101044FEA445282
:1003B80012F5800F80F09A80BCF1004F08BF5FEA09
:1003C800500C50F1000041EB045141EA050130BDE9
:1003D8005FEA4C0C404141EB0101013C28BFB1F5FB
:1003E800801FE9D291F0000F04BF01460020B1FA46
:1003F80081F308BF2033A3F10B03B3F120020CDA19
:100408000C3208DD02F1140CC2F10C0201FA0CF0F6
:1004180021FA02F10CE002F11402D8BFC2F1200C5B
:1004280001FA02F120FA0CFCDCBF41EA0C01904011
:10043800E41AA2BF01EB0451294330BD6FEA04045A
:100448001F3C1CDA0C340EDC04F11404C4F1200245
:1004580020FA04F001FA02F340EA030021FA04F357
:1004680045EA030130BDC4F10C04C4F1200220FAAE
:1004780002F001FA04F340EA0300294630BD21FAEC
:1004880004F0294630BD94F0000F83F4801306BFB2
:1004980081F480110134013D4EE77FEA645C18BFA6
:1004A8007FEA655C29D094EA050F08BF90EA020F3D
:1004B80005D054EA000C04BF1946104630BD91EA35
:1004C800030F1EBF0021002030BD5FEA545C05D138
:1004D8004000494128BF41F0004130BD14F5800477
:1004E8003CBF01F5801130BD01F0004545F0FE41EB
:1004F80041F470014FF0000030BD7FEA645C1ABF20
:10050800194610467FEA655C1CBF0B46024650EA56
:10051800013406BF52EA033591EA030F41F4002182
:1005280030BD00BF90F0000F04BF0021704730B508
:100538004FF4806404F132044FF000054FF00001DD
:1005480050E700BF90F0000F04BF0021704730B59E
:100558004FF4806404F1320410F0004548BF404273
:100568004FF000013EE700BF42004FEAE2014FEAC8
:1005780031014FEA02701FBF12F07F4393F07F4FA3
:1005880081F06051704732F07F4208BF704793F0A6
:100598007F4F04BF41F40021704730B54FF46074B9
:1005A80001F0004521F000411CE700BF50EA0102BC
:1005B80008BF704730B54FF000050AE050EA010265
:1005C80008BF704730B511F0004502D5404261EBD5
:1005D80041014FF4806404F132045FEA915C3FF416
:1005E800D8AE4FF003025FEADC0C18BF03325FEAB3
:1005F800DC0C18BF033202EBDC02C2F1200300FA64
:1006080003FC20FA02F001FA03FE40EA0E0021FA88
:1006180002F11444BDE600BF70B54FF0FF0C4CF476
:10062800E06C1CEA11541DBF1CEA135594EA0C0F28
:1006380095EA0C0F00F0DEF82C4481EA030621EA63
:100648004C5123EA4C5350EA013518BF52EA03359E
:1006580041F4801143F4801338D0A0FB02CE4FF050
:100668000005E1FB02E506F00042E0FB03E54FF080
:100678000006E1FB03569CF0000F18BF4EF0010E78
:10068800A4F1FF04B6F5007F64F5407404D25FEA74
:100698004E0E6D4146EB060642EAC62141EA555127
:1006A8004FEAC52040EA5E504FEACE2EB4F1FD0C69
:1006B80088BFBCF5E06F1ED8BEF1004F08BF5FEAE7
:1006C800500E50F1000041EB045170BD06F0004699
:1006D80046EA010140EA020081EA0301B4EB5C0446
:1006E800C2BFD4EB0C0541EA045170BD41F480113E
:1006F8004FF0000E013C00F3AB8014F1360FDEBF63
:10070800002001F0004170BDC4F10004203C35DA3E
:100718000C341BDC04F11404C4F1200500FA05F3C1
:1007280020FA04F001FA05F240EA020001F0004262
:1007380021F0004110EBD37021FA04F642EB0601D8
:100748005EEA430E08BF20EAD37070BDC4F10C0402
:10075800C4F1200500FA04F320FA05F001FA04F2C6
:1007680040EA020001F0004110EBD37041F10001B2
:100778005EEA430E08BF20EAD37070BDC4F12005BD
:1007880000FA05F24EEA020E20FA04F301FA05F225
:1007980043EA020321FA04F001F0004121FA04F2CD
:1007A80020EA020000EBD3705EEA430E08BF20EA9D
:1007B800D37070BD94F0000F0FD101F000464000D7
:1007C80041EB010111F4801F08BF013CF7D041EA59
:1007D800060195F0000F18BF704703F0004652005D
:1007E80043EB030313F4801F08BF013DF7D043EA2E
:1007F8000603704794EA0C0F0CEA135518BF95EAE4
:100808000C0F0CD050EA410618BF52EA4306D1D16A
:1008180081EA030101F000414FF0000070BD50EA89
:10082800410606BF1046194652EA430619D094EA13
:100838000C0F02D150EA013613D195EA0C0F05D1FD
:1008480052EA03361CBF104619460AD181EA030151
:1008580001F0004141F0FE4141F470014FF0000009
:1008680070BD41F0FE4141F4780170BD70B54FF0A4
:10087800FF0C4CF4E06C1CEA11541DBF1CEA135524
:1008880094EA0C0F95EA0C0F00F0A7F8A4EB050406
:1008980081EA030E52EA03354FEA013100F08880FD
:1008A8004FEA03334FF0805545EA131343EA1263C6
:1008B8004FEA022245EA111545EA10654FEA00267B
:1008C8000EF000419D4208BF964244F1FD0404F534
:1008D800407402D25B084FEA3202B61A65EB030590
:1008E8005B084FEA32024FF480104FF4002CB6EB4D
:1008F800020E75EB030E22BFB61A754640EA0C00CD
:100908005B084FEA3202B6EB020E75EB030E22BF0C
:10091800B61A754640EA5C005B084FEA3202B6EB4D
:10092800020E75EB030E22BFB61A754640EA9C000C
:100938005B084FEA3202B6EB020E75EB030E22BFDC
:10094800B61A754640EADC0055EA060E18D04FEA9A
:10095800051545EA16754FEA06164FEAC30343EA3A
:1009680052734FEAC2025FEA1C1CC0D111F4801F07
:100978000BD141EA00014FF000004FF0004CB6E700
:1009880011F4801F04BF01430020B4F1FD0C88BF9F
:10099800BCF5E06F3FF6AFAEB5EB030C04BFB6EBAA
:1009A800020C5FEA500C50F1000041EB045170BD9D
:1009B8000EF0004E4EEA113114EB5C04C2BFD4EBCA
:1009C8000C0541EA045170BD41F480114FF0000E4E
:1009D800013C90E645EA060E8DE60CEA135594EACA
:1009E8000C0F08BF95EA0C0F3FF43BAF94EA0C0FCD
:1009F8000AD150EA01347FF434AF95EA0C0F7FF442
:100A080025AF104619462CE795EA0C0F06D152EA95
:100A180003353FF4FDAE1046194622E750EA410679
:100A280018BF52EA43067FF4C5AE50EA41047FF48A
:100A38000DAF52EA43057FF4EBAE12E74FF0FF3CEF
:100A480006E000BF4FF0010C02E000BF4FF0010CC0
:100A58004DF804CD4FEA410C7FEA6C5C4FEA430C39
:100A680018BF7FEA6C5C1BD001B050EA410C0CBF88
:100A780052EA430C91EA030F02BF90EA020F0020EA
:100A8800704710F1000F91EA030F58BF994208BF51
:100A980090422CBFD8176FEAE37040F0010070470E
:100AA8004FEA410C7FEA6C5C02D150EA013C07D165
:100AB8004FEA430C7FEA6C5CD6D152EA033CD3D0B0
:100AC8005DF8040B704700BF8446104662468C46AA
:100AD8001946634600E000BF01B5FFF7B7FF0028DD
:100AE80048BF10F1000F01BD4DF808EDFFF7F4FF06
:100AF8000CBF012000205DF808FB00BF4DF808ED91
:100B0800FFF7EAFF34BF012000205DF808FB00BFB3
:100B18004DF808EDFFF7E0FF94BF012000205DF8D5
:100B280008FB00BF4DF808EDFFF7CEFF94BF01208A
:100B380000205DF808FB00BF4DF808EDFFF7C4FF83
:100B480034BF012000205DF808FB00BF4FEA4102D6
:100B5800B2F1E04324BFB3F5001CDCF1FE5C0DD913
:100B680001F0004C4FEAC0024CEA5070B2F1004F5D
:100B780040EB830008BF20F00100704711F0804F60
:100B880021D113F13872BCBF01F00040704741F425
:100B980080114FEA5252C2F11802C2F1200C10FA29
:100BA8000CF320FA02F018BF40F001004FEAC1230D
:100BB8004FEAD32303FA0CFC40EA0C0023FA02F3B1
:100BC8004FEA4303CCE77FEA625307D150EA013387
:100BD8001EBF4FF0FE4040F44000704701F0004057
:100BE80040F0FE4040F40000704700BF10B5054CCF
:100BF800237833B9044B13B10448AFF300800123C1
:100C0800237010BD48020024000000001C320108B7
:100C180008B5034B1BB103490348AFF3008008BD77
:100C2800000000004C0200241C320108002070471C
:100C38007047F8B505460C468F180026BC4201D10E
:100C48003046F8BD2B68284614F8011B1B689847E6
:100C58000644F3E738B500F10805D0F8B430044687
:100C6800284698474FF6FD720346904213D8B4F8C9
:100C7800BA202846B4F8B81004F091FB94F89030E4
:100C8800032B08D8DFE803F002090F15B4F8B830D1
:100C98001844A4F8B800012038BDB4F8BA30184494
:100CA800A4F8BA00F7E7B4F8B8301B1AA4F8B830BB
:100CB800F1E7B4F8BA301B1AA4F8BA30EBE7000031
:100CC80013B500F50034D4ED187AF4EE407AF1EE5D
:100CD80010FA03D194F82430002B57D0F0EEC07AE4
:100CE8000C22B2EE086A84ED180AB5EEC00A9FED30
:100CF800280ABCEEE77AF1EE10FA8DED017A87EE5C
:100D0800867A9DF80430B3FBF2F102FB113348F206
:100D1800220252FA83F300EB8300CCBF01230023A5
:100D2800FCEEC77AD0ED006A84F82C30BFEE007A6A
:100D380004F13000CDED017A9DF80430013307EE5F
:100D4800903AF8EEE77AA6EEA77AD4ED0A7A67EE3B
:100D5800277A94ED087AB8EE477AC7EE876AF5EEF7
:100D6800C06AF1EE10FA58BFB0EE660A84ED070AC1
:100D780001F0CCFB94ED070A04F1400001F0C6FB3A
:100D880094F8243013B1002384F8243002B010BD45
:100D980000000000044B186880EA403080EA5040A8
:100DA80080EA401018607047000000242DE9F843DD
:100DB80000F5003400262E4B054604F188072DED7A
:100DC800028BB0EE408A84F82460F2EE088A84ED43
:100DD8000A0AE36107EE906A0136B0EE000AF8EEFF
:100DE800E70AC0EEA80A10F0DFFF0C2EA7EC010AF4
:100DF800F0D1002601274FF000094FF4803200217E
:100E080005F5803805F10C00266510F0DDFE9FED34
:100E1800190A04F13000C5E9019784ED0D8AE663EB
:100E280001F074FB4FF48032494608F118006665FA
:100E380010F0CAFE104B9FED0F0A04F14000C8E9FC
:100E4800049784ED118AE36401F060FB4FF480435A
:100E580094ED180A284684F82C70236284F82470CC
:100E6800FFF72EFF6666BDEC028BBDE8F88300BF76
:100E78000000A04000004842DB0F494037B5244B32
:100E88000221244D93ED000AD5ED007A224C30EE74
:100E9800270A224810F07CF92368012B26D1204824
:100EA80003F0F3FF1F4B1B7843BB1F4B0A22694615
:100EB80018681E4D10F0F2F96946194804F01EFB37
:100EC80095F9AE20C0F180016B46403205F108006B
:100ED80001EBD17102EBD272C1F34F01C2F34F02A1
:100EE80004F0C0FA05F1080003F0D9FF23680133C4
:100EF800212BA8BF0123236003B030BDD5ED007AB4
:100F08000A226946FDEEE77A17EE900AD1E700BF9C
:100F180060030024340300243C03002460170424E5
:100F280080020024380300244003002478020024AF
:100F3800F8B50546C0200C4617461E462DED028B17
:100F480010F0AEFA07EE100ADFED698AB7EE008AF4
:100F5800B8EE477AC120C7EE287A78EE677AC5EDF1
:100F6800007A10F09DFA07EE100AC620B8EE477A0C
:100F7800C7EE287A78EE677AC4ED007A10F090FA16
:100F880007EE100AC320B8EE477AC7EE287A78EE43
:100F9800677AC7ED007A10F083FA07EE100AB8EE08
:100FA800477AC7EE287A78EE677AC6ED007A206825
:100FB800FFF7DAFA48A3D3E90023FFF7BDFD08B12C
:100FC8004C4B23604C4C4D48D4ED007AB8EEE70A00
:100FD800FFF776FED4ED007A4948B8EEE70AFFF746
:100FE8006FFE484B1868FFF7BFFA3DA3D3E900230B
:100FF800FFF712FB02460B4606460F463AA1D1E917
:101008000001FFF751F9FFF7A1FDD5ED007A08EED1
:10101800900A68EEA77A17EE900AFFF7A5FA32460B
:101028003B46FFF743F9FFF791FD374B1860D5EDC5
:10103800007A68EEA77A17EE900AFFF795FA32461B
:101048003B46FFF733F9FFF781FD304B304A186014
:101058001278304BD3F8843252B922681A4422608D
:1010680023680C2B31DD0C232360BDEC028BF8BD0B
:10107800FA225343284A07EE903A284BF8EEE77ACB
:1010880093ED007A77EE877A9FED257AF4EEC77AAA
:10109800F1EE10FAD4BFB0EE677AF0EE477A83ED3E
:1010A800007A92ED007A77EE276AF4EEC86AF1EEDC
:1010B80010FAD5D538EE478A9FED1A7A38EE678A46
:1010C800E8EE077AC3ED007ACAE70C33CDDA6FF0A1
:1010D8000B03C9E7AFF300807B14AE47E17AEC3F1E
:1010E8009A9999999999A93F000000000094F140B4
:1010F80000C07F440AD7633F40030024340402241D
:101108007C030024680300245803002454030024AB
:1011180038030024EC04042460030024340300246E
:101128000050C3473480373A38B5194A0023194D5F
:101138001360194C194A2146194813602B60194A43
:10114800194BFFF7F5FE24682046FFF70DFA0EA3AA
:10115800D3E90023FFF7F0FCDFED147A002818BF6D
:1011680017EE904A2C60124C204600F097FE94F837
:101178007C327F2B01BF0F4A137883F00103137071
:1011880038BD00BFAFF300807B14AE47E17AEC3F77
:10119800580300245C03002474030024540300242F
:1011A80078030024700300246C0300240AD7633FEB
:1011B800EC04042438030024FDEEC07A43F6FF73E0
:1011C800B8EEE77A17EE902A9A4294BF826083605D
:1011D80030EE470A80ED000A7047D0E9013290ED01
:1011E800007A1344C3F30D020133C3F30D0300EB7C
:1011F800820200EB830392ED030AD3ED037A77EEC4
:10120800C07AA7EE870A7047F8B500F5003405469E
:101218000E4604F130002DED0A8B01F087F904F138
:101228004000B0EE409A01F081F9D4ED1C7AF0EE5E
:10123800408AF4EEC97AF1EE10FA30DDFF27D4EDDA
:10124800199AFFF7A7FD9FED728AB0FBF7F3C3EB7E
:101258000323C01A07EE900AF8EEE77A87EE887A39
:1012680067EE297A94ED087ABBEEEF7A67EE877A13
:10127800C4ED1A7AFFF78EFD9FED667AB0FBF7F79B
:10128800C7EB0727C01B07EE900AF8EEE77AC7EE10
:10129800886ADFED617AE6EE877AC4ED207AD4EDCC
:1012A8001D7AF4EEE87AF1EE10FA30DDFF27D4ED7E
:1012B800199AFFF76FFD9FED568AB0FBF7F3C3EB62
:1012C8000323C01A07EE900AF8EEE77A87EE887AC9
:1012D80067EE297A94ED087ABBEEEF7A67EE877AA3
:1012E800C4ED1B7AFFF756FD9FED4A7AB0FBF7F77E
:1012F800C7EB0727C01B07EE900AF8EEE77AC7EEA0
:10130800886ADFED457AE6EE877AC4ED217A94EDB6
:101318001EAAD4ED1ABAD4ED1F9A7BEECA7A94EDC0
:10132800207A94ED1BBA94F82C30A7EE27AA94EDF6
:10133800217A7BEE697A84ED1C9AC4ED1D8AE7EE6A
:10134800279A84ED1EAAC4ED1F9A2BB1F7EE007AF6
:1013580037EEC99A77EEE88A236A9FED30CA013BD7
:1013680029EE0C0A08EE103AB8EE488A68EE09AA87
:1013780028EE288AC4ED16AA84ED178A10F084FD99
:10138800B0EE409A84ED140A28EE8C0A10F07CFD29
:1013980043F6FF716B68F0EE408A84ED150A3BEE68
:1013A800AA0A306805EB83020B44D06005F5803249
:1013B800C3F30D0302F10C046B60136902EB83069F
:1013C8000B44C3F30D03B06128461361FFF7F4FE25
:1013D8003BEE080A2046FFF7EFFE3AEE2A0A2846B7
:1013E800FFF7EAFE39EE880A20469FED0D8AFFF7DF
:1013F800E3FE2846FFF7F1FEA9EE008A2046FFF734
:10140800ECFEA8EE808AB0EE480ABDEC0A8BF8BD67
:1014180000007F436F12833A17B75139DB0F4940F9
:1014280000000000FDEEC07A064BB8EEE77A17EE32
:10143800902A9A4294BF8260836030EE470A80ED1A
:10144800000A70473F19010070B52DED028BADF50C
:10145800AA6D03230422544902A8544E00F0C0FA8E
:101468004FF4A96202A9524810F0F2FB20214E481D
:10147800012500F08EFA4C4800F07BFA4D4886EDC5
:10148800000AFFF793FC96ED000A4FF480544A488F
:10149800FFF78CFCB2EE080A4648FFF711FC454BF3
:1014A80003F5003393ED180AA3F500301C6283F8A6
:1014B8002450FFF705FC404B03F5003393ED180A61
:1014C800A3F500301C62002483F82450FFF7F8FBD2
:1014D800B2EE080A3848FFF7F3FB384A00213848CB
:1014E80010F072FB364B2146344A0C3B35480093CA
:1014F800C3E9014510F068FB324B334A0C3B3349D2
:1015080033480193C3E901451E231360314A136030
:101518004FF0FF33304A1360304A1360304B1C6081
:1015280003F0DCFF21462A4803F0EEFF294628484D
:1015380003F032FF264804F05DFB254803F0F1FC78
:101548002146234804F05FFBDFED267A96ED008AFA
:10155800254B28EE278A00981D60244BB0EE480AD8
:1015680083ED008A224B83ED008A224B83ED008AAB
:10157800214B83ED008AFFF755FFB0EE480A01982A
:10158800FFF750FF4FF416511C480EF015F81C4990
:10159800054800F0EBF91B4B1C601B4B1C700DF54C
:1015A800AA6DBDEC028B70BD180B042468030024DF
:1015B800EC040424340402247C03002400650400A1
:1015C800186504C00C0000C07002002434380108FB
:1015D8008002002474020024680200246C020024A3
:1015E800640200249A99993E3C0300245403002481
:1015F80058030024600300246403002460170424B3
:10160800991700084003002438030024D0E9013268
:101618000C49134490ED007AB3FBF1F201FB12324E
:10162800013300EB820292ED030AB3FBF1F201FBF6
:10163800123300EB8303D3ED037A77EEC07AA7EE7B
:10164800870A704740190100F8B5454B0546454AD9
:101658000C461F78444BD2ED007A9FED447A2DED6D
:10166800048B93ED008AF0EE408AB0EE609A77EE34
:10167800C87AA7EE878A002F63D03D49B0EE480AA2
:101688003C4AD1ED007A3C49D2ED009AD1ED006A8E
:101698003A4877EEA67A83ED008A77EEE97AE7EEA4
:1016A800879AC2ED009AFFF7BDFEB0EE690A34488A
:1016B800324EFFF7B7FE3046FFF7A8FF304885EDFA
:1016C800000AFFF7A3FF72682E4802F58C332E49F3
:1016D80084ED000A03F23F13D1ED007AB3FBF0FC6E
:1016E80000FB1C33C7B395ED007AE7EE278A06EBBB
:1016F80082027360C2ED038A94ED007A204AA7EE55
:10170800279A536802EB830003F58C3303F23F13E7
:1017180080ED039A1B4895ED007AB3FBF0F667EE6F
:10172800277A00FB16335360C5ED007AD4ED007AB2
:1017380091ED007A67EE877ABDEC048BC4ED007AF0
:10174800F8BDB0EE480A0E4883ED008AFFF76AFE3E
:10175800B0EE480A0948ABE70C4890ED007AC4E7B8
:10176800380300245803002464030024F7CC92387B
:101778005403002460030024340300240C6504C0CF
:10178800000000C0401901005C030024500300243D
:101798002DE9F0470024DFF8C490DFF8DC80054627
:1017A8000E4617462DED048B82B0FFF7BDFCBC42F8
:1017B80004D102B0BDEC048BBDE8F0872B684FEA7A
:1017C800840A264903EB84032548D3ED008A6B6815
:1017D80003EB840393ED008AC9ED008AFFF714FD3B
:1017E800F0EE480A01A9684688ED000AB0EE680ADA
:1017F800FFF72AFF1B499DED009A1B4881ED009ACF
:10180800FFF702FD194BDFF874C01949DCED007AC7
:101818001848726868EEA78A83ED000A097852446E
:10182800336890ED007A5344DDED017A79B1E9EE41
:10183800078AC3ED008A01349CED007A28EE078AF6
:1018480090ED007AA7EE278A82ED008AAFE7D8EDFF
:10185800006A30EE260AE0EE078AEAE7440300242D
:101868007C0300244C030024340402245003002485
:10187800380300246C030024480300247003002468
:1018880037B50623264A0C25137082F84130254ABD
:10189800137082F84130244A137082F84130234A89
:1018A800137082F84130224A224B013D136102F144
:1018B8002002FAD120484FF400722049C0F80032C3
:1018C800C0F82032C0F84032C0F86032C0F8C432E4
:1018D800C82300F2F6201A4C40F80A3C10F0B8F978
:1018E800184B04F1080065602360174BC4E92D35D7
:1018F80003F093FF2046154B154A40F8083B15495D
:10190800154B03F023FB082109231E226018CDE99B
:10191800003207230A2203F081FA03B030BD00BF6A
:1019280086010030040100308200003000000030E1
:101938005C0504240820803AEC04042434320108AD
:10194800780200244C360108135800086436010850
:10195800214E0008E0620108194D00084FF4E063C9
:101968000A3003800523837002F002BA043001F0C4
:101978005ABB043001F053BB08B5043001F03EFBFC
:10198800D0ED007AF8EE677AFCEEE77A17EE900A67
:1019980008BD38B5051D04462DED028B284601F01B
:1019A80030FB284601F03BFB2046B0EE408AFFF7AB
:1019B800E3FF07EE900AF8EE677A88EE277ABDEC27
:1019C800028B84ED007A38BD0221202008B50FF083
:1019D8007DFD20200FF01AFEB0FA80F0400908BD06
:1019E8002DE9F043052B0D4690461E46044628BFB8
:1019F80003264FF0010900272DED028B9FB004F05C
:101A08006FF9A5F8088001F0AFFC02F045FB5E4BCA
:101A180028460E960B9303F10073CDF8449003F516
:101A280040730A970C934FF44173CDE90F97ADF8C3
:101A38003430FFF7C9FF484540F092800823ADF8DD
:101A480008000390514A0DEB03018DF80A700493C6
:101A5800CDE9120705A801F0CBFBB5F908300AA9B2
:101A680002A8052B02BF00230122CDE9122300237F
:101A7800CDE9023302F05AF9B5F90830052B03D144
:101A8800424905A801F032FBB5F90830042B15D1FD
:101A98000123002214A903A81D9314931896ADF8E6
:101AA8005C20CDE919333A4B159303F1012303F573
:101AB8007D03CDE91B22169302F038F93023CDE9D6
:101AC8000536B5F908302E1D042B53D140F60163B5
:101AD800ADF80430019801F0B5FA4FF07C5305A930
:101AE80030460793DDE9022301F06AFA2846FFF73A
:101AF80035FF04F1700204F5F871264B13612032AA
:101B08009142FBD1C4F800324FF40072C4F820327D
:101B180004F2F620C4F84032C4F86032C4F8C43283
:101B2800C8231D49C4F8EC3210F092F8304601F091
:101B380076FA2846B0EE408AFFF71EFF07EE900AB5
:101B480041462046F8EE677A88EE270A85ED000AB6
:101B580000F0A4FC20461FB0BDEC028BBDE8F0836A
:101B680040F60133ADF800300098CDE9127901F064
:101B780069FA72E74FF07E53029A05A93046079337
:101B880001F010FAB2E700BF04020404340A042486
:101B9800000106090820803A3434010806230C4A5B
:101BA8000C210C48137082F841300B4A137082F8EC
:101BB80041300A4A137082F84130094A137082F89A
:101BC80041300022074B5A600B2202F0C7BA00BF0F
:101BD8008E030030340A04240C0300308A020030DB
:101BE80008020030180B0424014802F031BB00BF82
:101BF800340A042470B52DED028BB0EE408A0446F9
:101C080084B0022502231B220121012602F00AFAD0
:101C1800B0EE480A04F1100002231C22012102F050
:101C280001FAB0EE480A04F51C700D2319221A2196
:101C38000095DFED1B8ACDE9015501F0E1FB04F5C4
:101C48002270122313221421009601F003FD04F2DE
:101C58008D20172318221121009601F0FBFC002388
:101C6800F0EE680A04F17000B0EE480A1A46C62180
:101C780001F026FB0023F0EE680AC021B0EE480A06
:101C88001A4604F1900001F01BFBC4F80855C4F88B
:101C98000055C4F8FC5404B0BDEC028B70BD00BF05
:101CA8006F12033B30B50225044600230B220C219A
:101CB80000F51C702DED028B85B0B0EE408ADFED8B
:101CC8002E8A0095CDE9015501F09AFB04F525709F
:101CD800B7EE000A00231422012102F0A3F904F54B
:101CE8002970B7EE000A00231322012102F09AF9A5
:101CF8000423F0EE680A04F17000B0EE480AC4F854
:101D0800F834C4F8083501220023C021C4F804556A
:101D180001F0D6FAF0EE680AB0EE480A04F1900035
:101D280000230122C12101F0CBFAF0EE680AB0EEDF
:101D3800480A04F1B00000230122C62101F0C0FACC
:101D4800F0EE680AB0EE480A0023012204F1D00040
:101D5800C32101F0B5FA012117200FF0B7FB0121CB
:101D680017200FF0B3FB0121112005B0BDEC028B49
:101D7800BDE830400FF0AABB6F12033B70B5C0E955
:101D88000023049B04460626C3600B7803724B7835
:101D98004372FF2380F820300023191120689A002D
:101DA80001EB811192B2465403F00F00256801330C
:101DB80001EB8000202B0544A5F80120A5F803209D
:101DC80065686E5461680144A1F80120A1F80320F8
:101DD800E3D104F11005217A094A41F0400128466F
:101DE80001F054FC284601F09AFC617A284641F03B
:101DF800400101F050FC2846BDE8704001F081BC6C
:101E0800CC1004242DE9F84304460021C069204F72
:101E18000FF0C6FB0121206A0FF0C2FB3B681D4A88
:101E28001D49B3FBF2F248684B681B1A9A42FBDC67
:101E380004F11C0604F10C09174D0021DFF8548049
:101E4800206A0FF0ADFB0021E0690FF0A9FB3B68A9
:101E58006968B3FBF8F26B685B1A9A42FBDC606A4C
:101E68000FF0D4FB00384FF0010118BF012006F82D
:101E7800010DE0690FF094FB3B686968B3FBF8F269
:101E88006B685B1A9A42FBDC4E45DCD1BDE8F883EF
:101E98006800002440420F00001000E0B0F90C3543
:101EA800042B70B5044603D05A1E92B2012A05D8F5
:101EB80004F51C7001F0CDFA002525E0032BFBD1B9
:101EC80000F5A260FFF79EFF04F21B500022072ACC
:101ED8006FEA020302F1010294BF0021012103F01D
:101EE8000703102A03EBC10310F8011F234493F8DA
:101EF800385541EA450183F83815E8D1DCE704EBA9
:101F08000510013502F0A2F8D4F8FC34AB42F6DC37
:101F180004F525760025D4F80435AB4200DC70BD05
:101F280030460135103602F091F8F4E7DFED1C7AFF
:101F380020EE270A13B5B5EEC00AF1EE10FA2CD43C
:101F4800B4EEE70AF1EE10FAD8BFF0EE407AFCEEF4
:101F5800E77A0268CDED017A9DF8043000EB43037F
:101F68005C8CC1F3071301F00F0103EB831303EB40
:101F780081031A44B2F80130C3F30B03E118C1F32B
:101F88000B01A2F8031040F6FE718C4288BF43F49F
:101F98008053A2F8013002B010BDDFED027AD6E717
:101FA80000007F4300000000072930B504460D46B5
:101FB8002DED028BF0EE608A87B0B0EE418A29D809
:101FC800B0F90C35022B25D1144A6B4604F535744B
:101FD8009068D168124A03C310685168114A03C354
:101FE8001068516803C305F1180320460DEB03057B
:101FF80015F8181CFFF79AFFB0EE680A15F8101CC0
:102008002046FFF793FFB0EE480A15F8081C204653
:10201800FFF78CFF07B0BDEC028B30BD34360108EA
:10202800043701080D370108032907B50FD8B0F99F
:102038000C35022B0BD1074B00F53570019301F1DC
:1020480008030DEB030111F8041CFFF76FFF03B041
:102058005DF804FB0F191A1B072A08B50B46114631
:1020680008D8B0F90C25032A04D123B900F5357036
:10207800FFF75CFF08BD012BFCD1C1F10F01F5E7AB
:10208800072908B508D8B0F90C35032B04D110314D
:1020980000F53570FFF74AFF08BD0000B0F90C35B0
:1020A800022B70B504462DED028B1ED100259FED45
:1020B8001E8ADFED1D0AE9B20135B0EE481AB0EE0E
:1020C800600A2046FFF770FF082DF2D100259FED2A
:1020D800168AE9B20135B0EE480A2046FFF7A4FF98
:1020E800042DF6D1BDEC028B70BD032BFAD100256F
:1020F8009FED0D8AEEB2B0EE480A00212046324626
:102108000135FFF7A9FFB0EE480A32460121204603
:10211800FFF7A2FFB0EE480A31462046FFF7B0FFAE
:10212800082DE7D1DEE700BF00000000F8B5D0E9D0
:10213800001204460023C0E9002101EB8300B0F837
:10214800035002EB83000133A0F80350102BF4D1A5
:10215800002301EB8300B0F8445002EB8300013305
:10216800A0F84450102BF4D1FF2304F1100784F891
:10217800203094F92050012D08DC01356DB2022D74
:1021880084F8205003D1FF2384F82030F8BD631968
:10219800002605EB85153846197A41F0400101F013
:1021A8007AFA05EB86036268F1B201361A443846BA
:1021B800B2F80330B2F8012001F0E6FA102EF0D19F
:1021C800D7E708B5B0F80C35023B9BB2012B03D812
:1021D80000F53570FFF7AAFF08BD00000C23624A1E
:1021E80070B52DED028B86B0C0F8003506230225A8
:1021F80007260446C0F808354FF48073B0EE408ACD
:1022080005A9ADF814304FF0FF33C0F8FC6400F5B1
:102218003570C0F824520093544BFFF7AFFD2046A9
:10222800FFF73CFF2046FFF7CCFFB0EE480A04F565
:102238001C700E231B221C210095DFED4D8ACDE971
:10224800015501F0DDF80023F0EE680A04F1700092
:10225800B0EE480A1A46C12101F032F80023F0EE28
:10226800680A04F19000B0EE480A1A46C42101F049
:1022780027F80023F0EE680A04F1B000B0EE480A2F
:102288001A46C22101F01CF80023F0EE680A04F196
:10229800D000B0EE480A1A46C52101F011F8002313
:1022A800F0EE680A04F1F000B0EE480A1A46C321BD
:1022B80001F006F80023F0EE680A04F58870B0EE25
:1022C800480A1A46C62100F0FBFF0023F0EE680A10
:1022D80004F52D70B0EE480A1A46C02100F0F0FF50
:1022E800B0EE480A2B4620460822012101F09AFE4A
:1022F800B0EE480A2B4604F110000922012101F032
:1023080091FEB0EE480A2B4604F120000A22012172
:1023180001F088FEB0EE480A2B4604F130000D2289
:10232800012101F07FFEB0EE480A2B4604F140007F
:102338001922012101F076FEB0EE480A2B4604F17D
:1023480050001A22012101F06DFEB0EE480A2B461A
:102358003246012104F1600006B0BDEC028BBDE8F5
:10236800704001F05FBE00BF9204003010040030DE
:102378006F12033B70B5022504461E2200212B462E
:102388001B262DED028BB0EE408A84B0C0F8FC54B9
:10239800C0F8F85401F046FEB0EE480A2B4604F1A6
:1023A80010001D22002101F03DFE4FF40073384A51
:1023B80003A9ADF80C304FF0FF3304F535701A253A
:1023C8000093344BFFF7DAFC2046FFF767FE204600
:1023D800FFF7F7FE012115200FF078F801211420EE
:1023E8000FF074F8012113200FF070F80023DFEDCF
:1023F8002A0AB0EE480A1A4604F17000C12100F01A
:102408005FFF1C200121C4F81465C4F81005C4F846
:102418002C05C4F818550FF059F830460121C4F8B6
:1024280030650FF053F828460021C4F834550FF0F2
:102438004DF81022002104F21C500FF0C5FBB0EE3D
:10244800480A04F5F870C22100F062FFB0EE480AAD
:1024580004F50470C32100F05BFFB0EE480A04F5F0
:102468000C70CA2100F054FFB0EE480A04F514704D
:10247800C92100F04DFF012117200FF027F8012195
:10248800162004B0BDEC028BBDE870400FF01EB8FA
:1024980096050030140500306F12033B0223A0F8A4
:1024A8000C150139C0F8F8340023C0F80835C0F815
:1024B8000435C0F8FC34C0F8003503290BD8DFE830
:1024C80001F002040608FFF795BBFFF787BEFFF788
:1024D80051BFFFF7E7BB70470623084A137082F81D
:1024E8004130074A137082F84130064A137082F867
:1024F8004130054A137082F8413070479605003024
:10250800140500309204003010040030DFED067A24
:1025180080ED000A20EE270A90ED017AC0EE077AD6
:10252800C0ED027A704700BFDB0FC940D0ED037AD7
:102538009FED0D7AD0ED026A87EE870A77EEA67ACC
:10254800F4EEC77AF1EE10FAC8BF77EEC77A9FEDBE
:10255800077AF5EEC07AF1EE10FA48BFF0EE477A46
:10256800C0ED037A704700BFDB0FC94000000000D0
:10257800D0E9052322B1002B0CBF022004207047AC
:10258800181E18BF01204000704700002DE9F04FC9
:10259800C04E89B080468A46A6F11409304600AF7D
:1025A800154601F0D3FB04464846FFF7E1FF834692
:1025B80030B3D9F8043064699E46002B00F0788166
:1025C800AB00EB46012C03F1070323F00703ADEB47
:1025D800030D6846ADEB030D6E463BD0022C13D0BD
:1025E800002C65D02A46314673469847012C00F0E6
:1025F800C280022C00F08280002C00F0F780DD46BB
:102608002437BD46BDE8F08F99ED0B7A02460023CA
:10261800DFEDA16A08F1040CAB4202F10802E1D235
:1026280058F8231007EE901A5CF823100233F8EEDE
:10263800E77A67EEA67A67EE877A42ED027A07EEC6
:10264800901AF8EEE77A67EEA67A67EE877A42ED97
:10265800017AE1E799ED0B7A01460022DFED8F6AF6
:1026680008F1040CAA4201F10801BBD258F8223043
:1026780083F40003A3F5000307EE903A5CF82230D8
:102688000232F8EEE77A83F40003A3F5000367EE5D
:10269800A67A67EE877A41ED027A07EE903AF8EE6D
:1026A800E77A67EEA67A67EE877A41ED017AD9E78D
:1026B80099ED0B7A02462346DFED796A08F10401A9
:1026C800AB4202F108028DD238F923C007EE90CA56
:1026D80031F923C00233F8EEE77A67EEA67A67EE9F
:1026E800877A42ED027A07EE90CAF8EEE77A67EE4B
:1026F800A67A67EE877A42ED017AE1E799ED046AF6
:1027080000239FED687A0AF10402DFED676AAB42A5
:10271800BFF475AFD6ED007A66EE277AF4EEC77A85
:10272800F1EE10FA40F2B080F4EEE67AF1EE10FA2B
:10273800A8BFF0EE667AFEEEE07A17EE901AD6EDB4
:10274800017A66EE277A4AF82310F4EEC77AF1EE9A
:1027580010FA40F29C80F4EEE67AF1EE10FAA8BF87
:10276800F0EE667AFEEEE07A083617EE901A42F836
:1027780023100233CBE799ED046A00239FED497AD1
:102788000AF10402DFED486AAB42BFF438AFD6ED78
:10279800007A66EE277AF4EEC77AF1EE10FA6DD970
:1027A800F4EEE67AF1EE10FAA8BFF0EE667AFEEEE5
:1027B800E47A17EE901AD6ED017A66EE277A4AF88F
:1027C8002310F4EEC77AF1EE10FA5AD9F4EEE67A4D
:1027D800F1EE10FAA8BFF0EE667AFEEEE47A08365B
:1027E80017EE901A42F823100233CDE799ED046AE8
:1027F8000AF104029FED2B7ADFED2B6ADFED2B5AED
:10280800AC42BFF4FCAED6ED007A66EE277AF4EE61
:10281800C77AF1EE10FA2BD9F4EEE67AF1EE10FA57
:10282800A8BFF0EE667A67EEA57AFDEEE77A17EEB6
:10283800903AD6ED017A66EE277A1BB24AF8243030
:10284800F4EEC77AF1EE10FA15D9F4EEE67AF1EE65
:1028580010FAA8BFF0EE667A67EEA57A0836FDEEA4
:10286800E77A17EE903A1BB242F824300234C7E7F1
:10287800F0EE477AD7E7F0EE477AEDE7F0EE477AE1
:1028880095E7F0EE477AA8E7F0EE477A53E7F0EEDF
:10289800477A67E73C0B042400000030000000344E
:1028A8000000003804FF7FBF04FF7F3F00FEFF46A3
:1028B80056F8143C3B61002B3FF4A2AE301DC7F81C
:1028C8000CD001F051FABBF1020F4FEA8B01F8610D
:1028D80014BF6A002A460731BBF1020F4FEA820390
:1028E80021F0070103F1070323F00703ADEB030D04
:1028F800B2FBFBF2C7F814D0ADEB030D7B69EC46D5
:10290800ADEB010D03EB82036846ADEB010D796970
:10291800BB616E4643600CEB820301604FEA8201A3
:10292800CDF800C0019308D0BA690B440A44029359
:102938000B4482600A440393C260012C6BD0022CC2
:1029480012D0002C00F0D0806A0831463B699847C5
:10295800012C00F0AB81022C00F02181002C00F04A
:102968002082D7F80CD04BE6DFF834E30021FA696F
:10297800DEF820309FEDC77A03EB820C08F10403E0
:102988007B60A942E0D24B087A69DEED0B6ABBF1A5
:10299800020F02EB83024FEA8309BA6058F821203C
:1029A80007EE902ABA68F8EEE77A67EE877A67EE5C
:1029B800A67AC2ED007ABA6902EB83037A6852F804
:1029C800212007EE902ABA60F8EEE77A67EE877A58
:1029D80067EEA67AC3ED007A19D0DCED007A82683A
:1029E800F8EEE77AC3684A444B4467EE877A67EEA5
:1029F800A67AC2ED007ADCED017ADEED0B6AF8EE1C
:102A0800E77A67EE877A67EEA67AC3ED007A023135
:102A18000CF1080CB5E7DFF888C20022FB69DCF886
:102A280020109FED9D7A01EB830108F104037B6080
:102A3800AA4289D24FEA52097B69DCED0B6ABBF1E5
:102A4800020F03EB89034FEA890EBB6058F8223066
:102A580083F40003A3F5000307EE903ABB68F8EE91
:102A6800E77A67EE877A67EEA67AC3ED007ABB69E4
:102A780003EB89097B6853F8223083F40003A3F53C
:102A8800000307EE903AF8EEE77A67EE877A67EE8A
:102A9800A67AC9ED007A24D0836803EB0E090B6887
:102AA80083F40003A3F5000307EE903AC368F8EE39
:102AB800E77A9E444B6867EE877A83F40003A3F5B0
:102AC800000367EEA67AC9ED007A07EE903ADCEDCE
:102AD8000B6AF8EEE77A67EE877A67EEA67ACEEDAC
:102AE800007A02320831A3E7DFF8B4E12146FA6937
:102AF800DEF820309FED697A03EB820C08F10403BD
:102B08007B60A942BFF420AF4B087A69DEED0B6AFF
:102B1800BBF1020F02EB83024FEA8309BA6038F96E
:102B2800212007EE902ABA68F8EEE77A67EE877AEE
:102B380067EEA67AC2ED007ABA6902EB83037A6877
:102B480032F9212007EE902AF8EEE77A67EE877AC5
:102B580067EEA67AC3ED007A1DD0BCF90030826812
:102B680007EE903AC3684A44F8EEE77A4B4467EEBA
:102B7800877A67EEA67AC2ED007ABCF90420DEED0A
:102B88000B6A07EE902AF8EEE77A67EE877A67EE27
:102B9800A67AC3ED007A02310CF1080CB1E7404B7C
:102BA8000AF104049FED3F7A986A93ED046AFB6981
:102BB800DFED3D6A00EB83000023AB42BFF4D1AEEA
:102BC8005A08316801EB82014FEA820CD1ED007A94
:102BD80066EE277AF4EEC77AF1EE10FA40F27F81BA
:102BE800F4EEE67AF1EE10FAA8BFF0EE667A7168B4
:102BF800FEEEE07A614417EE902AD1ED007A4AF8A9
:102C0800232066EE277AF4EEC77AF1EE10FA40F246
:102C18006981F4EEE67AF1EE10FAA8BFF0EE667A72
:102C2800FEEEE07ABBF1020F17EE902A44F823205B
:102C38002DD0B1686144D1ED007A66EE277AF4EEC2
:102C4800C77AF1EE10FA40F25081F4EEE67AF1EE2E
:102C580010FAA8BFF0EE667AF268FEEEE07A6244F7
:102C6800C0ED007AD2ED007A66EE277AF4EEC77AE4
:102C7800F1EE10FA40F23C81F4EEE67AF1EE10FA49
:102C8800A8BFF0EE667AFEEEE07AC0ED017A023374
:102C9800083092E7000000300000003400000038DF
:102CA800280B042404FF7FBF04FF7F3F924B0AF1E7
:102CB80004049FED927A986A93ED046AFB69DFED4C
:102CC800906A00EB83000023AB42BFF44AAE5A0877
:102CD800316801EB82014FEA820CD1ED007A66EE91
:102CE800277AF4EEC77AF1EE10FA40F2EC80F4EEAF
:102CF800E67AF1EE10FAA8BFF0EE667A7168FEEE99
:102D0800E47A614417EE902AD1ED007A4AF823203C
:102D180066EE277AF4EEC77AF1EE10FA40F2D68022
:102D2800F4EEE67AF1EE10FAA8BFF0EE667AFEEE5F
:102D3800E47ABBF1020F17EE902A44F823202DD035
:102D4800B1686144D1ED007A66EE277AF4EEC77A6D
:102D5800F1EE10FA40F2BD80F4EEE67AF1EE10FAE8
:102D6800A8BFF0EE667AF268FEEEE47A6244C0ED3F
:102D7800007AD2ED007A66EE277AF4EEC77AF1EEA1
:102D880010FA40F2A980F4EEE67AF1EE10FAA8BF44
:102D9800F0EE667AFEEEE47AC0ED017A023308308E
:102DA80092E7554B0AF104009FED547A996A93ED26
:102DB800046AFB69DFED526A01EB8301DFED515ACA
:102DC800AC42BFF4CEAD6308326802EB83024FEA2F
:102DD800830CD2ED007A66EE277AF4EEC77AF1EE2C
:102DE80010FA64D9F4EEE67AF1EE10FAA8BFF0EE24
:102DF800667A67EEA57A72686244FDEEE77A17EEA6
:102E0800903AD2ED007A66EE277A1BB24AF824305F
:102E1800F4EEC77AF1EE10FA4CD9F4EEE67AF1EE58
:102E280010FAA8BFF0EE667A67EEA57ABBF1020F3A
:102E3800FDEEE77A17EE903A1BB240F8243033D013
:102E4800B2686244D2ED007A66EE277AF4EEC77A69
:102E5800F1EE10FA31D9F4EEE67AF1EE10FAA8BFE5
:102E6800F0EE667A67EEA57AFDEEE77A17EE903A0D
:102E78001BB20B60F3686344D3ED007A66EE277AE1
:102E8800F4EEC77AF1EE10FA1AD9F4EEE67AF1EE1A
:102E980010FAA8BFF0EE667A67EEA57AFDEEE77A3B
:102EA80017EE903A1BB24B600234083188E7F0EE17
:102EB800477A9EE7F0EE477AB6E7F0EE477AD1E731
:102EC800F0EE477AE8E7F0EE477A17E7F0EE477A50
:102ED8002DE7F0EE477A46E7F0EE477A5AE7F0EE4C
:102EE800477A84E6F0EE477A9AE6F0EE477AB3E658
:102EF800F0EE477AC7E600BF280B042404FF7FBF23
:102F080004FF7F3F00FEFF467FB5044601A8089EE8
:102F180004F1080580E80E0007C885E80B00D4ED29
:102F2800047AF5EEC07AF1EE10FA02DC012004B062
:102F380070BDF7EE006A86EEA77A84ED0B7A002E54
:102F4800F4D0204640F8146F00F000FF0369002019
:102F5800E360024BE361024B6362E8E71826003046
:102F680018060030836937B504460D4643B18368B7
:102F78000022183000929B000269816800F0E8FE88
:102F8800A36804F11400064A9B000092626AE16992
:102F980000F0DEFE00202560606003B030BD00BF99
:102FA8009525000807B503460448186000920EC925
:102FB800FFF7AAFF03B05DF804FB00BF280B042449
:102FC800F0B50B4D87B017461E46056003AC07C920
:102FD80084E807000097284694E80E00FFF794FF5E
:102FE800044B0020AE612B62034BAB6207B0F0BD0F
:102FF800280B0424183600301816003000680830F2
:103008007047B1F5806F03680A4628BF4FF48062A5
:10301800B1F5806F9A6094BF002001207047006866
:10302800143000F09EBE08B50068FFF79BFF002033
:1030380008BD0000024B0022C3E90522704700BF0B
:10304800280B04241FB50124ADF80C0003A8ADF823
:103058000E4000F02DFA214603A800F0D9FA2046C8
:1030680001F046F8002103A800F0D2FA204601F04A
:103078003FF8214603A800F0CBFA04B010BD70B5A4
:103088000E460179044600684908154601F016F90C
:103098002068314603681B6898470021206801F0C2
:1030A800B8F9012221792068D14001F028FA206876
:1030B80003685B6998472870002070BD70B50E469C
:1030C8000179044600684908154601F0F7F82068B8
:1030D800314603681B6898472068294603681B68BF
:1030E8009847206801F010FA002070BD37B50446F3
:1030F800084621602E4901F0BFF820681B221A23D8
:103108000021C0E9212301F0C3FA8C230DF1050247
:10311800402123712046FFF7B2FF9DF8052040218A
:10312800204602F07F02FFF7C9FF042000F0E0FF0D
:103138000DF1050240212046FFF7A1FF9DF805206B
:103148004021204602F0BF02FFF7B8FF042000F03C
:10315800CFFF0DF1060243212046FFF790FF0DF146
:10316800070248212046FFF78AFF9DF807509DF87F
:103178000620432145F00105204642F00102FFF7F1
:103188009DFF2A4648212046FFF798FF0DF10502CA
:1031980040212046FFF773FF9DF805204021204677
:1031A80002F0CF02FFF78AFF002003B030BD00BF56
:1031B800801A060070B5154604460E46017C006864
:1031C80001F074F82068C5F3002343EA4601036858
:1031D800C9B21B6898472068E9B203681B6898471A
:1031E800206801F091F90A2000F082FF002070BDEC
:1031F80038B503460446154643F8042B07C983E847
:10320800070028462D4901F037F820681B2274234F
:103218000021C0E9212301F03BFAA37900220F2104
:103228001A3320462374FFF7C5FF172200212046D2
:10323800FFF7C0FF172201212046FFF7BBFF00223E
:1032480002212046FFF7B6FF002203212046FFF7A0
:10325800B1FF122204212046FFF7ACFF002205210E
:103268002046FFF7A7FF237906212046002B14BF2D
:1032780062224222FFF79EFF07212046D4E902235B
:103288001A43637942EA4312237983F0010342EA3D
:103298008312D2B2FFF78EFF002208212046FFF7E3
:1032A80089FF002209212046FFF784FF0122092116
:1032B8002046FFF77FFF002038BD00BF801A0600B8
:1032C800F8B50D46044600211E46284617462DED42
:1032D800028BB0EE408AF0EE608A0EF0F7F8F6EE58
:1032E800007A002384ED028A28EE288A2570E3609C
:1032F800A36128EE278A2777F7EE007A667787EEAC
:10330800887AC4ED057ABDEC028B84ED017AF8BDAC
:1033180038B50D460446002128462DED028BB0EE47
:10332800408A0EF0D3F8DFED0F7AF7EE006A00233B
:10333800257084ED028A28EE278AF6EE007AE3608B
:103348004FF0804328EE278A63614FF48073C4ED01
:10335800067A86EE887AA383BDEC028B84ED017A27
:1033680038BD00BF6F12033B244B07B5D3F8D820F4
:103378000B2042F00102C3F8D8200022D3F8D8303D
:10338800114603F001030193019B03F0F5FB0B20A9
:1033980003F024FC00220C20114603F0EDFB0C2066
:1033A80003F01CFC00220D20114603F0E5FB0D2064
:1033B80003F014FC00220E20114603F0DDFB0E2062
:1033C80003F00CFC00220F20114603F0D5FB0F2060
:1033D80003F004FC00221020114603F0CDFB10205E
:1033E80003F0FCFB00221120114603F0C5FB11205D
:1033F80003B05DF804EB03F0F1BB00BF00440258D2
:103408002DE9F04104461E460023154608462DEDD9
:10341800028B63614FF6FF73B0EE408A9DF82480FB
:103428002382E274A1749DF820109DF828700EF094
:103438004DF8414628460EF049F8B0EE480A3B469A
:10344800324620460121BDEC028BBDE8F04100F078
:10345800E9BD70B50546807C0EF0D8F80446E87CD6
:103468000EF0D4F80646284600F0F0FD2B7C6A7C66
:1034780044EA430346EA42005BB242B203F00F015A
:10348800C0B22B740E2901D151070CD002F00F02E3
:103498000E2A0AD103F00703B3FA83F35B095B42F0
:1034A80068746B6170BD0123FAE70023F8E7000038
:1034B80030B583788FB00446022B21D0032B02D07D
:1034C800591E4B424B410A93E378012B03D09A1EB5
:1034D800534253415B000B93002320460C9300F0AA
:1034E800A9F80546204600F0ADF823780990082B86
:1034F80015D8DFE803F0071A28364452606E7C00BE
:103508001123E0E7414BD3F8E02042F00102C3F871
:10351800E020D3F8E03003F001030093009B09A9F1
:10352800284604F0EDFB0FB030BD384BD3F8E0204F
:1035380042F00202C3F8E020D3F8E03003F00203BF
:103548000193019BEBE7314BD3F8E02042F00402F2
:10355800C3F8E020D3F8E03003F004030293029BA1
:10356800DDE72A4BD3F8E02042F00802C3F8E02058
:10357800D3F8E03003F008030393039BCFE7234B12
:10358800D3F8E02042F01002C3F8E020D3F8E0308E
:1035980003F010030493049BC1E71C4BD3F8E0200D
:1035A80042F02002C3F8E020D3F8E03003F0200313
:1035B8000593059BB3E7154BD3F8E02042F0400292
:1035C800C3F8E020D3F8E03003F040030693069BED
:1035D800A5E70E4BD3F8E02042F08002C3F8E020C4
:1035E800D3F8E03003F080030793079B97E7074B76
:1035F800D3F8E02042F48072C3F8E020D3F8E0303A
:1036080003F480730893089B89E700BF00440258BD
:1036180070B506460D4600F00DF80446304600F039
:1036280011F82A1E0146204618BF0122BDE8704045
:1036380004F04EBC0278024B53F82200704700BFDA
:10364800BC3701084278024B33F81200704700BFBC
:103658009C37010870B504461D469DF81030164683
:1036680008462170237101216270A5700DF02EFFAC
:10367800304601210DF02AFF28460121BDE870409F
:103688000DF024BF0368C9B21B6818470023C26045
:103698000170436070470170704710B504460178A7
:1036A800C06800F003FEE06800F02EFF6060B0FA2A
:1036B80080F0400910BD70B504460E4601781546E5
:1036C800C06800F0F3FDE068314603681B6898475E
:1036D800E068294603681B689847E06800F014FF13
:1036E800606070BD10B401294FF00004446004D933
:1036F800FD225DF8044B426070475DF8044BFFF70C
:10370800DABF0021202210B504464160FFF7EAFF26
:10371800362220460121BDE81040FFF7E3BF38B547
:1037280004460021C06800F0B3FF2046FFF7B5FF4C
:10373800054610B12046FFF7E4FF284638BDF8B526
:1037480004460F4601781646C0681D4600F0AEFDD7
:10375800E068394603681B689847E068F1B2FFF7EC
:1037680091FFC6F30421E068FFF78CFFE068E9B237
:10377800FFF788FFC5F30421E068FFF783FFE068DF
:1037880000F0C2FE6060F8BD30B40F294FF00005AC
:10379800456003D9FE2330BC436070478900063179
:1037A80030BC01F0FE01FFF7CABF0000014806F077
:1037B80067BB00BF680B0424074B9A1C1B665A663C
:1037C8001A1D9A669A1DDA6603F108021A6703F150
:1037D8000A025A67704700BF580B0424D1F800C08A
:1037E800BCF1010F2DE9F043044685B00F464FF0B8
:1037F800000800F38A800E46C0F850820546C0E9EA
:1038080092880FCE0FC50FCE0FC5424B009303F51C
:1038180080630193A3F57873029303F580630393A0
:1038280004AB03EB8C0C96E803005CF8103C85E8CD
:103838000300A3625CF8083CC4F8C0303B69042B61
:1038480009D8DFE803F0033F424548004FF4FA5334
:10385800A364C4F8E030BB693A6A002B3DD1003A52
:1038680018BF0122C4E90B23FB697A6A002B3BD1FC
:10387800003A18BF012204F12800C4E931237B690A
:10388800022B9FBF244A12F80380244A12F803909F
:1038980000234246636449466363E365C4F8DC3049
:1038A800C4F8CC30C4F8F430C4E90F33C4E9153394
:1038B800C4E93533C4E93B33022308F0AFFBD0B188
:1038C800FFBEFEE74FF47A53C2E74FF4FA43BFE76F
:1038D8004BF68033BCE7124BBAE7002A4FF00103DE
:1038E80014BF03220222BDE7002A4FF0010314BFD0
:1038F80003220222BFE702234246494604F1C000E0
:1039080008F08CFB10B1FFBEFEE7012005B0BDE852
:10391800F08300BF0458014003380108003801084B
:1039280000770100026838B561BB036A00F1280519
:1039380000F5AC74013B18BF01239B01EAB91D4A8D
:10394800C0F8582157224FF480514FF48070C4E9D1
:10395800012300234FF48062C4E903324FF480420C
:103968006362C4E905124FF40032C4E90702204635
:1039780003F0BCFBD0B1FFBEFEE70F4AC0F85821E8
:103988005922E0E7436A00F1C00500F5E874013BFD
:1039980018BF01239B0122B9084AC0F8D021582238
:1039A800D1E7074AC0F8D0215A22CCE7C5E920441C
:1039B800A56338BD100002405800024028000240AC
:1039C8007000024010B4D0F854420B4664B1D0E9FC
:1039D8009312D0F8480201EB830100EB83002346E1
:1039E80052085DF8044B18475DF8044B70472DE901
:1039F800F8439CB2C0F8503283699046074689461E
:103A0800012B00F1280500F1C006C0E99212089ABE
:103A1800C0F854221BD1036A2246012B0DD1284637
:103A280008F0FEFB7B6A2246012B0BD14946304643
:103A380008F0F6FB0020BDE8F8834146284608F068
:103A480083FBEFE74146304608F07EFBF2E7436A26
:103A58002246012B09D1304608F0E2FB3B6A224698
:103A6800012B07D149462846E2E74146304608F08F
:103A78006BFBF3E741462846E6E700000269042AA3
:103A88009DBF044B03EB820393ED000A9FED020AEE
:103A9800704700BFEC37010800803B472DE9F04331
:103AA800831D8BB004460593031D069300F108039C
:103AB800079300F10A03089300F10C030993836943
:103AC80063B3C569B5FA85F56D09012302220DF1C5
:103AD800140800274FF006090393CDE9012358F88D
:103AE800046B227933789A4204D1617972789142D1
:103AF80000D16DB122689AB1012A14D03046FFF77F
:103B0800A1FD00903046FFF795FD694604F0F8F8EE
:103B18000137052FE3D10BB0BDE8F0830125D4E7C9
:103B2800CDF81090EAE733B97378022B0CBF08235D
:103B38000A230493E2E70A23FBE7000070B5036851
:103B480088B0434E0546B34202D0424A934231D12F
:103B5800414C4248D4F8E03043F01003C4F8E03058
:103B6800D4F8E03003F010030093009BD4F8F03051
:103B780043F48003C4F8F030D4F8F03003F4800341
:103B88000193019BFFF78AFFD4F8D830296843F0E6
:103B980001033248891BC4F8D830D4F8D83018BF8C
:103BA800012103F001030293029B08B0BDE87040B5
:103BB800FFF7B8BE2A4EB34202D02A4A934245D1F3
:103BC800254C2948D4F8E03043F00103C4F8E0302C
:103BD800D4F8E03003F001030393039BD4F8E030FA
:103BE80043F00803C4F8E030D4F8E03003F00803E9
:103BF8000493049BD4F8E03043F04003C4F8E03069
:103C0800D4F8E03003F040030593059BD4F8F03076
:103C180043F40003C4F8F030D4F8F03003F40003A0
:103C28000693069BFFF73AFFD4F8D830296843F08B
:103C380001030D48891BC4F8D830D4F8D83018BF10
:103C4800012103F001030793079BAEE708B070BD9D
:103C5800045801402458014000440258D00B042461
:103C6800045C0140245C01402C0E0424014803F04C
:103C780071BE00BF280D0424014803F06BBE00BFCD
:103C8800A00D0424014803F065BE00BF840F04247E
:103C9800014803F05FBE00BFFC0F042403680D4A0F
:103CA800934202D02032934206D10B4B0021184692
:103CB800C3F85812FFF786BE084A934202D0203252
:103CC800934206D10448002100F51770C0F8581235
:103CD800F0E7704704580140D00B0424045C01400D
:103CE80003680F4A934202D02032934207D10D480D
:103CF800D0F850124908C0F85812FFF763BE0A4AB4
:103D0800934202D02032934208D10648D0F8AC142E
:103D180000F517704908C0F85812EEE7704700BF61
:103D280004580140D00B0424045C014010B402463E
:103D38004FF417740868044B04FB00305DF8044B1B
:103D48001060FFF74BBD00BFD00B0424006870471C
:103D580013B5049C00940068FFF749FE002002B0E8
:103D680010BD0068FFF78ABE0368D3F85802704791
:103D78002DE9F04F3B4C89B0A06303781BB10020BC
:103D880009B0BDE8F08F20204021374A4FF0020AE1
:103D980006934FF00408E3624FF4805701254FF073
:103DA8000309C4E905014FF4C07104EB0800CDF81C
:103DB8001490C4E90123C4E9071307234FF40061F1
:103DC8000822CDE901A30A23C4E909170DEB08016C
:103DD8000793C4E90352CDE9038208F0D5FA0646F1
:103DE80000283CD14FF0100B3A460DEB080100902B
:103DF800049004EB08000195CDE902B508F0ECFA4F
:103E0800642001F0ADFF3A460DEB080104EB080011
:103E1800CDE901ABCDE9035608F0DEFA3A460DEBE1
:103E2800080104EB0800CDE9019BCDE9038608F001
:103E3800D3FA40F232230DEB08013A46009304EB23
:103E48000800009B03950493CDE9018B08F0C4FAA0
:103E580040F6060104EB080008F0DDFA8FE7284673
:103E68008EE700BF8C100424404100522DE9F04336
:103E780000238FB00B93624B1E68002E40F0BD806C
:103E88000122022703250C241A6009A95D4B5E480C
:103E9800D3F8D420DFF8889142F48052C3F8D420B4
:103EA800D3F8D42002F480520192019AD3F8E0208A
:103EB80042F01002C3F8E020D3F8E02002F010022C
:103EC8000292029AD3F8E02042F04002C3F8E020C0
:103ED800D3F8E02002F040020392039AD3F8E020DE
:103EE80042F00802C3F8E020D3F8E02002F008020C
:103EF8000492049AD3F8E02042F48072C3F8E020D8
:103F0800D3F8E02002F480720592059AD3F8E020F5
:103F180042F08002C3F8E020D3F8E02002F08002EB
:103F28000692069AD3F8E02042F02002C3F8E02077
:103F3800D3F8E02002F020020792079AD3F8E02095
:103F480042F00402C3F8E020D3F8E03003F00403A1
:103F58000893089B4FF68373CDE90C54CDE90937D4
:103F680003F0CEFE48F2371309A928480D94CDE98D
:103F78000937CDE90B6503F0C3FE4CF2037309A9B9
:103F880023480D94CDE90937CDE90B6503F0B8FE58
:103F980040F2FF6309A91F480D94CDE90937CDE91F
:103FA8000B6503F0ADFE4FF60C7309A91A480D9482
:103FB800CDE90937CDE90B6503F0A2FE4FF63F03C3
:103FC80009A916480D94CDE90937CDE90B6503F029
:103FD80097FED9F838000130FFF72CFB8046D9F856
:103FE80038000130FFF72EFB09A90D94CDE9090728
:103FF8004046CDE90B6503F083FE0FB0BDE8F083C2
:10400800881004240044025800100258001802586E
:10401800000C025800200258001C025800140258D4
:104028008C100424B7EE007A10B4C7EE007A044668
:104038001046002221701946227300226073A26084
:10404800C4ED017A5DF8044B0DF040BA10B5044692
:10405800407B0DF0DBFA237B22785B005BB26AB110
:10406800C2B2B2FA82F252091343DBB2A3F17F0261
:104078002373012A04D80023A36010BD42B2F3E7DA
:10408800FF2B01BFD4ED027A94ED017A77EE877A9F
:10409800C4ED027AF1E700001FB502F0D3FD4FF03E
:1040A8004052124B01246846ADF80040CDE9012387
:1040B8004FF48073039302F0E3FD002340F20112F2
:1040C80068468DF801408DF80D308DF80A301923B7
:1040D800ADF80E208DF808304FF04043019302F000
:1040E800CFFD042002F0BCFD04B010BD0E0001039A
:1040F80001F036BE014B00221A607047C810042434
:10410800028BC08A101A7047C28A0346018B9142FB
:1041180083BF0169885C01324FF0FF3088BFDA82C3
:104128007047028BC38A9A4286BF0269D05C4FF0FF
:10413800FF307047806DD0F8DC302BB10023D430CD
:1041480020F8B23CC36818477047836810B5044626
:1041580013B1032201469847204610BD70B54FF4AD
:104168007A730E46002115462C4A0446C0E901130D
:10417800034643F8C42B9C22C0F8C410C3E90111BC
:10418800C0E93411C0E93611C0F8E01028300DF04C
:104198001BFDF3B2202B19D8214A06F4E06652F829
:1041A80023301E43EBB2C4F88460202B22D81C4A6B
:1041B80005F4E06552F823301D4300232046C4F877
:1041C8008850E36123842361A38270BD06F0C00296
:1041D800C02A0CD1CB2B0AD806F03F02114B06F4AB
:1041E800E06653F822200E4B53F82230D9E74FF0FF
:1041F800FF36D7E705F0C002C02A0CD1CB2B0AD86E
:1042080005F03F02074B05F4E06553F82220044B04
:1042180053F82230D0E74FF0FF35CEE710380108C9
:104228007C6901084C69010838B50446283000F05B
:1042380063FBE06918B10DF0DBFB0023E3610025A7
:104248002069258410B10DF0D3FB2561A58238BD06
:1042580038B5084B0546044645F8D43BFFF7E4FF5C
:104268002846FFF772FF04F1C400FFF76EFF2046EF
:1042780038BD00BF1038010838B500F128050446DC
:10428800284600F0B1FB94F8BE304BB928460549E2
:1042980000F096FC28460449BDE8384000F089BC87
:1042A80038BD00BF3D410008F9420008012399408C
:1042B80080F8243000238176438470470123994095
:1042C80080F82430002381764384704738B5838A88
:1042D80005460C468B4209D22029006938BF2024A4
:1042E80021460DF03BFC10B12861AC8238BDFEE7D9
:1042F80073B5846D0546866ED4F8CC30E3B1E28A96
:10430800238B9A4218D331462046FFF7DFFF324607
:1043180005F1740120690DF09BFC00232683E382DC
:10432800D4F8CC3001960BB90EF070FFD4F8D03029
:1043380001A904F1C400984702B070BDB1F5806FBF
:1043480070B505460C4610D8038C99420AD9202925
:104358000E46C06938BF202631460DF0FFFB18B164
:10436800E8612E84204670BDFEE70024FAE713B505
:1043780090F8243004468DF807107BB1418C013148
:10438800FFF7DCFF40B1638C01209DF80710E2695C
:10439800D154638C0133638402B010BD01220DF146
:1043A8000701283000F034FBB0FA80F04009F3E749
:1043B80070B590F8243004460E46154693B1418CEA
:1043C8001144FFF7BBFF10B90025284670BD638C68
:1043D8002A46E069314618440DF03AFC638C2B44B8
:1043E8006384F2E792B2283000F012FB0028EBD188
:1043F800EBE70346006918B19A8A00210DF0E4BB87
:1044080070470346C06918B11A8C00210DF0DCBB57
:10441800704738B50446C9B9AA23A36594F8BE30D5
:10442800012B16D1638C04F12800E269A17E00F00B
:104438006FFB042828BF0420C5B22046FFF7E1FF20
:104448000023638484F82430284638BD4FF42A4377
:10445800E3E70425F8E72DE9F04790F8BEA0044605
:104468000F461546BAF1010F98469DF820609DF851
:10447800249039D17F001146FFF728FFFFB286B19B
:10448800032E4FF0000384F824A028BF0326A77644
:104498006384013EF6B2FF2E1AD100212046FFF7B1
:1044A800B8FFB9F1000F1CD1AA23A36539462B46E2
:1044B800226904F128002E4600F0C4FA002398422D
:1044C800E3821CBF1D462E4628462683BDE8F0879A
:1044D800F1002368204628FA01F11B68C9B2984701
:1044E800D7E74FF42A43E0E70020EFE707B5019349
:1044F80000230093FFF7AFFF03B05DF804FB01232F
:10450800D2B2C9B2FFF7F2BF0121FFF782BF38B5B7
:1045180000250446C5820583FFF76BFF20466584A6
:10452800FFF76FFF38BD00002DE9F0410446D0F8D1
:1045380084000CF009FF00210CF0C8FFD4F8843087
:10454800C3F303120A2A44D8264D03F00F03264F5B
:1045580055F8222057F82330126993433FD0D4F8F6
:1045680088000CF0F1FE01210CF0B0FF1F4BD4F8CD
:1045780088001B681E4CC0F3031100F00F02B3FB48
:10458800F4F30A24A14204FB03F325D857F8227058
:104598001426184A4FEA074E55F821C0CCF818E0FF
:1045A800D2F804805468A4EB0804A342FADCCCF8DF
:1045B8001870D2F804C05468A4EB0C04A342FADCC7
:1045C800013EE9D10CF0C0FE3146BDE8F0410CF0E7
:1045D8007DBF00231B69FFDE00239B61FBE7BDE86D
:1045E800F08100BF10000024AC63010868000024BB
:1045F80040420F00001000E02DE9F041002604467B
:104608001F460D46C68290460683FFF7F2FE2046F7
:104618006684A676FFF7F5FED4F8DC30C4F880404F
:1046280033B104F1D401032208469847C4E9376638
:104638000023204684F8BF8084F824306B0084F877
:10464800C07084F825306B1E5D425D4184F8BE5011
:1046580004F12805FFF768FF94F825200949284642
:1046680000F048F894F8BE304BB92846064900F0E7
:10467800A7FA28460549BDE8F04100F09ABABDE816
:10468800F08100BFA08601003D410008F942000802
:104698000A4600230121FFF7AFBF00000B220C21BF
:1046A8000148FFF75BBD00BFCC1004240148FFF7A9
:1046B800CFBD00BFCC100424084B0246984208D94D
:1046C800074B984207D9074907488A4288BF002004
:1046D8007047064870470648704700BFA08601002B
:1046E800801A060040420F001A0980108A62E030E2
:1046F8003211D020F0B50E4685B015460446002884
:1047080000F0DF807049C06D0AF056FA07466F491D
:10471800206E0AF051FA0146002F00F0D2800028DE
:1047280000F0CF8038460AF06EFA2060002800F0CA
:10473800C880674B271D98425AD1664BD3F8E820AA
:1047480042F40012C3F8E820D3F8E82002F400127B
:104758000092009AD3F8902042F40012C3F89020F7
:10476800D3F8902022F40012C3F890205A4B6366C5
:104778005A4B1F605549206E0AF006FA5249E06DFF
:104788000AF002FA236830466360FFF795FF0123B9
:104798000221C4E902050025B4F96400C4E904351E
:1047A80094F897302A46A5615B1B84F8455018BFDA
:1047B8000123DB04236294F898305B1B18BF0123A4
:1047C8005B04636202F0D8F9B4F9640002F006FAF7
:1047D8002A460221B4F9660002F0CEF9B4F966005F
:1047E80002F0FCF9384603F0DCFC002865D0FEE74F
:1047F8003B4B98421DD1374BD3F8E82042F4800256
:10480800C3F8E820D3F8E82002F480020192019A64
:10481800D3F8902042F48002C3F89020D3F8902077
:1048280022F48002C3F890202E4B63662B4B5F6006
:10483800A0E72D4B98421DD1264BD3F8E82042F42F
:104848000002C3F8E820D3F8E82002F4000202923C
:10485800029AD3F8902042F40002C3F89020D3F8CB
:10486800902022F40002C3F89020204B63661B4B73
:104878009F607FE71E4B98427FF47CAF03F50A33B5
:10488800D3F8F42042F08002C3F8F420D3F8F420DF
:1048980002F080020392039AD3F89C2042F080022F
:1048A800C3F89C20D3F89C2022F08002C3F89C20F7
:1048B800104B6366094BDF605CE70223A06684F84F
:1048C800953005B0F0BD00BFBC360108743601084C
:1048D80000540040004402581F002000B011042476
:1048E8000058004021002200005C004048004900B8
:1048F800001C00585F00600010B50446B0F9640061
:1049080002F07AF9B4F9660002F076F9201D03F096
:104918009EFC0321206E0AF0A5F80321E06D0AF041
:10492800A1F823682B4A934213D12B4BD3F890203C
:1049380042F40012C3F89020D3F8902022F4001219
:10494800C3F89020D3F8E82022F40012C3F8E82036
:1049580010BD224A934211D11F4BD3F8902042F444
:104968008002C3F89020D3F8902022F48002C3F884
:104978009020D3F8E82022F48002E7E7184A93420F
:1049880011D1154BD3F8902042F40002C3F89020BF
:10499800D3F8902022F40002C3F89020D3F8E8203E
:1049A80022F40002D2E70F4A9342D1D10A4BD3F83E
:1049B8009C2042F08002C3F89C20D3F89C2022F06F
:1049C8008002C3F89C20D3F8F42022F08002C3F8B8
:1049D800F420BDE70054004000440258005800404D
:1049E800005C0040001C005810B504460846FFF75C
:1049F80063FE6268136823F001031360A060201D42
:104A080003F0CFFB6268136843F00103136010BD25
:104A1800202A30B514D800239CB2A24207D890F8B7
:104A280094301344DBB280F89430002030BD90F805
:104A38009440CD5C1C440133044484F87450EBE783
:104A48000120F3E72DE9F34705460F4690469946BE
:104A5800002401F07FF90435D5F82CA006464B4612
:104A6800424639462846CDF800A003F0FBFC022850
:104A780006D101F06FF9841B642CF0D906201FE0E1
:104A880008BB01F067F90646284604F03FFC2028D9
:104A980009D0632C07D801F05DF9841B284604F07F
:104AA80038FC0028F0D0284604F033FC632C0CD8DE
:104AB80082060AD443070AD4003818BF01208000B0
:104AC80002B0BDE8F0870420FAE70520F8E70320E4
:104AD800F6E710B564230446043003F0D1FB02283E
:104AE80010D0032806D090B194F84530202B18BF79
:104AF800042004E094F84530202B18BF052008BF97
:104B0800022004E094F84530202B18BF062010BD81
:104B18002DE9F3471F4604460E46914601F01AF95F
:104B280080463FB901223146204602B0BDE8F04731
:104B3800FFF7CFBFD4F830A0002504343B464A46DF
:104B480031462046CDF800A003F022FC022807D108
:104B580001F000F9A0EB0805642DEFD906201FE04D
:104B680008BB01F0F7F80646204604F0CFFB2028E2
:104B780009D0632D07D801F0EDF8851B204604F015
:104B8800C8FB0028F0D0204604F0C3FB632D0CD8E6
:104B980082060AD443070AD4003818BF01208000CF
:104BA80002B0BDE8F0870420FAE70520F8E7032003
:104BB800F6E720B119B1C166043003F069BD70474A
:104BC80020B119B10167043003F062BD704770B5B8
:104BD80090F8913004460E46051F012B09D1436E0B
:104BE8003BB1836E28469847022384F8913000230E
:104BF8006366012E4FF0000312D1E26E84F8913003
:104C08001AB1284684F89030904794F8902004F11F
:104C1800700120464FF00073BDE8704003F074BC8B
:104C28000122636620464FF0807384F89120616EFC
:104C380074312944BDE8704003F0C8BC10B590F841
:104C480091300446012B04D1436E13B1836E0438AE
:104C580098470223204684F8913000236366BDE814
:104C6800104003F015BD436E1F2B02DC436E013369
:104C7800436690F89130012BDAB206D1416E4FF0BD
:104C880080737031014403F0A1BC7047002380F8A1
:104C98009030704790F892300BB903F0F9BC704728
:104CA800014B186803F008BDB0110424014B1868C3
:104CB80004F09BB8B0110424014B586803F0FCBC05
:104CC800B0110424014B586804F08FB8B0110424C3
:104CD800014B986803F0F0BCB0110424014B9868AC
:104CE80004F083B8B0110424054B10B5DC682046E5
:104CF80003F0E2FC2046BDE8104004F076B800BF9F
:104D0800B0110424014BD86804F06FB8B011042422
:104D18002D2970B50446154609D8272974D929398B
:104D2800042917D8DFE801F03B2A2A2C3F00A1F11B
:104D38004C03012B48D93F2966D901F03F03C2181B
:104D480092F82C60FF2E19D011F0300F4FD1294660
:104D5800304645E02B34002314F8010F5D1CFF2872
:104D680009D00F2B04D801210CF0B0FBEBB2F3E70C
:104D780002210CF0ABFBEBB2162BEDD1012070BD7C
:104D8800224B002D22491B68224A4868B3FBF2F3E4
:104D980008BF00234A68121A9342FBDCEEE710466C
:104DA8000CF072FCEAE7194B022A1A4C1B688CBFFC
:104DB800022205221649B3FBF4F3486853434A68B4
:104DC800121A9342FBDCD9E701F03F010C4494F836
:104DD8002C0042B901210CF079FB294694F82C00EB
:104DE8000CF0DEFBCAE702210CF070FBC6E7102BC3
:104DF80001D10CF016FA30460CF008FC003818BF48
:104E0800012084F82700B9E70020B8E768000024EB
:104E1800001000E040420F0000F020BD80F835305F
:104E28009DF8003080F82C1080F836309DF804305A
:104E380080F82D2080F83730704703682DE9F74354
:104E4800044690F8509090F85170002693F811801D
:104E58002368F5B2E06C57FA86F21B7C0135D2B2B2
:104E680013FB06F1EDB2C90089B208440021009095
:104E7800204600F0A6FEA94504D90136BB19DBB2CD
:104E88009845E5D803B0BDE8F083036800211A7C93
:104E980090F85030C06C5A43D2000CF095BE10B553
:104EA8000446FFF7CAFF2046BDE8104000F0B4BE34
:104EB800836C10B5044680F851101B689847A36CA2
:104EC80020465B68BDE81040184710B590F8AB3035
:104ED80004460BB1FFF7D9FF20460021BDE810407A
:104EE800FFF7E6BF38B50446FFF7A7FF94F8503040
:104EF80094F851501D442368EDB25B7CAB4204D852
:104F0800204600F089FE002038BD94F8AB3013B17C
:104F18002046FFF7BAFF20462946FFF7C9FF0120C0
:104F2800F2E710B50446FFF7D0FF2046FFF7DAFF97
:104F380001460028F9D12046BDE81040FFF7B8BF68
:104F48000823037000487047C011042430B585B0A9
:104F580004460D46094900931346094A00F086FEA7
:104F68000DF10F00FFF7ECFF064B01469DF80F20EF
:104F78002046009500F028FC05B030BDF55A000821
:104F8800075A000851560008405A40BA80B2704784
:104F98000020704708B50A46097803460170517821
:104FA800417091788170D178C1701179017151790E
:104FB800417191798171D179C171117A0172517AF6
:104FC8004172917A8172D17AC172117B0173517BDE
:104FD8004173917B8173D17BC173117C0174112161
:104FE8001046FFF7D1FF132158821046FFF7CCFF78
:104FF800152198821046FFF7C7FFD88208BD70B503
:10500800047B036862181D78D2B22541072A07D8A5
:10501800EBB202734FF0FF30884023EA000070BD06
:105028005E1CC4F10804083AE4B206605B78D2B2A8
:10503800A3402B43DBB2ECE738B5002300F1780539
:105048000446816780F8843090F890102846FFF76E
:10505800D6FF94F8911084F882002846FFF7CFFF16
:1050680094F8AA3084F8830084F88630B3FA83F37E
:105078005B0984F8873038BD10B54C1EFFF7BFFFB9
:105088000123E4B2A340C01A40B210BD012B05D0E1
:10509800022B05D033B9104480B270470844FBE7AF
:1050A800801AF9E7401AF7E7012B05D0022B05D043
:1050B80033B9084480B27047801AFBE7401AF9E711
:1050C8001044F7E72DE9F04F044687B00E4690F8F4
:1050D800805090F88170059294F882A04FFA87F971
:1050E800B4F87E3069B2AAEB05084A460493B34681
:1050F8005FFA88F894F88830B4F87C00464528BFF1
:10510800C346FFF7D1FF03900498FFF7BFFF059947
:105118000246A1B194F8861084F8AA10204600939C
:105128005B46039900F0FFF935444645EDB20DD3CF
:10513800A5EB0A050137EEB20025FFB2CCE794F8DB
:1051480085100029F0D194F88710E5E784F880509D
:1051580084F8819007B0BDE8F08F2DE9F347044645
:1051680000F17808FFF768FF94F89210404694F928
:105178008370FFF781FF94F8931082464046FFF74B
:105188007BFF94F8941006464046FFF775FF94F9A4
:1051980082508146002D4ADDBA1994F8883051466C
:1051A800B4F87C00524252B2FFF77EFFA4F87C00AC
:1051B8000646B4F87E00FFF769FF0246A4F87E00B1
:1051C800032B57D8DFE803F00237404D3544C119A7
:1051D800ABB289B200912046314600F01DFA30B3D7
:1051E8000023A4F8803094F88E104046FFF707FF9C
:1051F80094F88F1006464046FFF701FF0546002247
:1052080031462046FFF75EFF294620460122FFF778
:1052180059FF01214046FFF7F2FE0028EFD194F92B
:105228008130BB42DFDB94F8863084F8AA304846E8
:1052380002B0BDE8F087C7F10100731C5119304472
:105248009BB289B286B2C5E7C5F10105C7F1010075
:10525800731C511C354410449BB289B282B2AEB261
:10526800B8E7C5F10105F319411C05449BB289B2A1
:10527800AAB2AFE701463346ACE7036FFF290A46F7
:1052880003F1170310B512D8602909D9B0F8A01096
:105298000B44587818B11978914206D1981C10BD62
:1052A8004029F6D9B0F89E10F2E70344F1E7B0F8C8
:1052B800A2100B441C4600212046FFF765FE022180
:1052C80003442046FFF760FE824204F10404F2D84A
:1052D800188841BA89B20028E1D08A4201D1D81C85
:1052E800DDE799780B44F3E738B50446FFF7C5FFC7
:1052F8000146B8B104F178052046FFF79DFE94F801
:1053080092102846FFF7B8FE94F8931084F8A80086
:105318002846FFF7B1FE94F894102846BDE83840B7
:10532800FFF7AABE38BD2DE9F047884600256FF083
:105338003F074FF6FF7908F1FF382C464FF6FE7A03
:1053480080F88250064600F068FA18F8011F3046C7
:1053580073689847484501460DD05045F5D030460A
:10536800FFF7C2FF17F1400F85B208BF96F9A87082
:105378002C44A4B2E9E796F9822052B196F9A830F4
:10538800002F13442344A3EB05039CB2C4BF3F1969
:10539800BCB22046BDE8F08780F885107047F8B5A4
:1053A8001F4690F8883004460E461546032B07D84A
:1053B800DFE803F002151A1E436F9847284485B2A8
:1053C80039462046A4F87C60A4F87E50FFF755FFC4
:1053D800014618B12046FFF7C0FE80B2F8BD436F02
:1053E8009847301A86B2EBE7436F9847281AE6E7E2
:1053F800436F98473044F5E72DE9F0471E464FF0D4
:10540800000A4FF6FF784FF6FE79013E07460C4634
:10541800154600F002FA7B68384616F8011F9847CF
:10542800404503461BD04845F5D02A462146384614
:10543800FFF7B5FF97F88830032B05D8DFE803F0AE
:1054480002080B0D0444A4B250441FFA80FAE2E7A4
:105458000544ADB2F8E7241AF5E72D1AF9E75046E6
:10546800BDE8F08710B4034C44605DF8044BFFF7C7
:10547800C3BF00BF13580008036F10B5CBB190F934
:10548800994090F99A1090F8A53080F8A64080F8D5
:10549800A71073B1012B0DD190F99B30A342B8BF6F
:1054A800234680F8A63090F99C30994201DD80F8B7
:1054B800A73010BD90F9982090F9963013449C427B
:1054C800B8BF80F8A6309142C8BF80F8A720F0E79F
:1054D800014B4367704700BF994F0008026F8A422B
:1054E80010B5044608D001678C30FFF753FD2046FD
:1054F800BDE81040FFF7C0BF10BD0000014B43607E
:10550800FFF711BF1358000880F88810704770B46F
:10551800B0F856609DF80C50921B446C0395A44655
:1055280092B270BC604770B490F8A4509DF80C40DB
:10553800002D5CD0002B5AD0012B52D0022C29D13F
:105548000131C91A89B2B0F8644094424FD8B0F812
:10555800664094424BD90B44B0F86060B0F8625092
:105568009CB28C4241D28D423ED96C1EA4B2A64256
:105578003DD2B14238BF3146A54294BFC1EB0503C5
:10558800C1EB040300249BB2856C0394AC68A44669
:1055980070BC6047032C24D10132D21A92B2B0F801
:1055A80060408C4223D8B0F862408C421FD9134423
:1055B800B0F86460B0F866509CB294421AD2954232
:1055C80017D96C1EA4B2A64211D2B24238BF3246D5
:1055D800A54294BFC2EB0503C2EB040301249BB2AE
:1055E800D2E7E407DBD4AEE731468D42BFD870BCC2
:1055F800704732469542E6D8F9E78A4206D2834296
:1056080008D89A4294BF0020012070478342F8D8F6
:10561800002070470120704770B504460D461E46AD
:10562800B0F86610BDF81030B0F86400FFF7E5FF79
:1056380048B133462A46B4F86210B4F86000BDE8B1
:105648007040FFF7DABF70BDF0B58C4602F0070670
:10565800012490F8AA109DF81470B4400129E4B20E
:1056680018D8254600D1002422F00702016892B21A
:10567800097C11FB02F1C26C89B2614411445FB923
:105688000A78013B2A439BB2624001F8012B002BA8
:10569800F6D1F0BD0025E7E70A780136013B2A4339
:1056A80016F007069BB282EA04020A700BD1B0F822
:1056B8005220114490F8AA20012A09D80AD1154687
:1056C800002BE9D1E5E76D006400EDB2E4B2F7E73D
:1056D8000124F5E701242546F2E790F85010026806
:1056E800CB0070B5A0F85430137C90F85150DB0013
:1056F8004E19A0F85230EB00A0F85630547CA0F8B0
:105708005830A642C4BF641BA1B203EBC103A0F882
:105718005A30938AA0F85C30D38AA0F85E3070BD06
:10572800FFF7DBBF10B49DF8044001945DF8044B0B
:10573800FFF7EDBEB0F86E3013B500930446B0F82D
:105748006A30B0F86C20B0F86810FFF765FF18B938
:1057580084F8A40002B010BD0123B4F8602084F8D6
:10576800A430B4F868309A42B4F8622038BFA4F87C
:105778006030B4F86A309A42B4F8642088BFA4F85C
:105788006230B4F86C309A42B4F8662038BFA4F896
:105798006430B4F86E309A4288BFA4F86630D9E70E
:1057A8000022A0F86020B0F85C20A0F86220826D8A
:1057B8004266FFF7BFBF0000024A836CC0E91A22A5
:1057C8005B6818470000FFFF70B5049E002543641E
:1057D80040F20113044680F85020C16480F851500B
:1057E80080F8855080F8A55080F8A950A0F8AA3014
:1057F80005673368866498472046FFF7DDFF204633
:10580800FFF766FE84F8885070BD4FF6FF7019B137
:105818000A2918BF084670477047002380F82630C9
:10582800704710B404690A4600232021A4465DF895
:10583800044B604710B4046913460A461721A4466E
:105848005DF8044B604707B58DF807100DF10702A6
:105858000121FFF7EFFF03B05DF804FB14392DE9D0
:10586800F04704461E4600680C2968D8DFE801F0B6
:1058780040676707505D6767676767674E0090F81E
:105888000C80B51808F0010888F00109AE4202D171
:105898000120BDE8F08716F801AB08271AF0800F41
:1058A8004FF04101204607F1FF3714BF01220022C3
:1058B80000F0BBF94A464021204600F0B6F92368BB
:1058C8002C2120469A794FEA4A0A00F0AEF942465E
:1058D8004021204600F0A9F923682C212046DA79D6
:1058E8005FFA8AFA00F0A1F917F0FF07D6D1CDE7E1
:1058F80042784921204600F098F9236840211A7B14
:1059080002F00102204600F090F9C1E74A21F9E7C8
:1059180002784921204600F088F922686569002349
:1059280092782C212046A847B2E7C27800232C2180
:1059380065692046A847236849215A78E2E700208C
:10594800A7E710B4C4680A4600231521A4465DF8E9
:10595800044B604710B4C4680A4600231621A446C5
:105968005DF8044B604710B4C46813460A46172113
:10597800A4465DF8044B604710B40023C46818219E
:10598800A4461A465DF8044B604710B40023C46867
:105998001921A4461A465DF8044B604773B50546BD
:1059A8000C462178192906D8172921D816D0142988
:1059B8000BD802B070BDFE29FBD162782921284698
:1059C8008DF8072000F031F906E062780023EE68D0
:1059D80028468DF80720B0470234E2E763780DF1D6
:1059E8000702012128468DF80730FFF7BCFFF3E7CF
:1059F8000023EE68284601341A46B047D1E72DE95E
:105A0800F0411F46A1F1140304460D461646052B26
:105A18001BD8DFE803F01003030D10100021FFF777
:105A280000FF31462046FFF70EFF0120BDE8F08158
:105A38000121FFF7F6FED4F810E03B46324629462E
:105A48002046F446BDE8F04160470020EEE700003C
:105A58000E29F8B5044615461E4638D00F2903D03E
:105A68000B292DD00020F8BDFFF786FF737994F835
:105A78002210204601EBC30101F0FF07C1F3031117
:105A880041F01001FFF75DFF07F00F012046FFF717
:105A980058FFB179204641F0B001FFF752FF317944
:105AA800013D32682046C90001F0F801FFF75BFFAD
:105AB80015F0FF05F3D12046FFF767FF0120D2E775
:105AC8001AB90849FFF76AFFF8E70749FAE7FFF745
:105AD80053FF81212046FFF734FF29462046FFF770
:105AE80039FFE8E7436301083E63010870B50446DF
:105AF8000D461646FFF7ACFF78B90A2D16D00D2DC6
:105B080002D0092D1AD070BD4EB90F492046FFF7B3
:105B180045FF23689B7C84F822300120F3E70B497A
:105B28002046FFF73BFF2368DB7CF4E7204600F0C4
:105B380018F807492046FFF731FFEEE705492046E8
:105B480000F00AF8E9E700BF37630108306301088D
:105B5800EC6201081863010801608B7C80F8223030
:105B6800704738B500234569282104461A46A847D6
:105B78000023E56814211A462046A847204601223A
:105B88004B2100F052F82368204629211A7900F0A9
:105B98004CF8204600224B2100F047F823682046A5
:105BA80029211A7900F041F8204601224B2100F002
:105BB8003CF82368204629215A79BDE8384000F08E
:105BC80034B813B58DF80430049B8DF805100F21F7
:105BD8008DF80620012200936B468468A04702B026
:105BE80010BD10B4002384680921A4461A465DF844
:105BF800044B604710B4002384680A21A4461A465F
:105C08005DF8044B604710B484680A4600230B21F2
:105C1800A4465DF8044B604710B400238468102143
:105C2800A4461A465DF8044B604710B44469002343
:105C3800A4465DF8044B60470020704700230A4AD9
:105C4800FF21036080F8233080F82630836180F8D4
:105C5800241080F82810C0E90222C0E90422162284
:105C68002C300BF0B1BF00BF415C00082DE9F041BA
:105C7800DDF8188004460F4616461D46FFF7DEFF7E
:105C88002046C4E90276C4E90458BDE8F041FFF7AC
:105C9800A8BF704738B50F4B05461A780AB90120D6
:105CA80038BD4FF47A73B3FBF2F30B4A1068B0FBBC
:105CB800F3F000F0B3FF04460028F0D10F2DEED822
:105CC800024629464FF0FF3000F056FF034B2046AE
:105CD8001D60E5E704000024680000240800002493
:105CE80010B5032000F036FF04F062FC0F49104A9B
:105CF8008B69C3F30323D35C03F01F03D8408B697C
:105D080003F00F03D35C0B4A03F01F0320FA03F3DD
:105D18001360094B18600020FFF7BCFF044618B950
:105D2800FFF7B7FF204610BD0124FBE700440258E7
:105D3800146401086400002468000024034A044B2A
:105D480011681B780B441360704700BFC01504240A
:105D580004000024014B1868704700BFC0150424D4
:105D680038B50446FFF7F6FF0546631C1EBF044B13
:105D78001B78E418FFF7EEFF431BA342FAD338BDA4
:105D880004000024014B1868000C70470010005CE8
:105D9800806800F0010070478068C0F38000704799
:105DA8000368414A93422DE9F04104460E461CD04F
:105DB8003E4802F540723E49834218BF0A462569AB
:105DC8009768082D07F01F0722D040F22122FA40D9
:105DD800D1070CD5DB6813F0010F18D0636D0120D3
:105DE80043F020036365BDE8F081324AE7E72E4AB5
:105DF80093420AD02D4802F540722D49834218BFBC
:105E08000A46936813F4404FE7E72A4AF9E704255E
:105E1800FFF7A0FF804623681A682A4225D0626DE2
:105E280042F400726265DA6812F4406F0FD1627D45
:105E38006AB91A6816070AD5626D22F4807262651B
:105E4800626DD00403D4626D42F001026265174AA4
:105E5800934204D140F22122FA40D1071BD5DA68D7
:105E6800082D1BD11D600020BDE7721CD4D0FFF7A0
:105E780071FFA0EB0800B04201D8002ECBD12368F7
:105E88001B682B40C7D1626D032084F8503042F064
:105E980004026265A7E7044AD268E1E75204E2D443
:105EA8000C221A60DFE700BF0020024000210240F8
:105EB80000630258002302400368186C7047000012
:105EC8000023F7B50193054690F85030012B00F0F8
:105ED800EA810124036880F850401846FFF75CFF08
:105EE800002840F0DA810A68002A4FEA926007DB4E
:105EF800C2F31306002E76D18440DA692243DA61B0
:105F08004C6803F1300C1F2700F01F00A60904F0AD
:105F18001F0406F00C06A740A0405CF8062022EA01
:105F28000702024318464CF80620FFF735FF9A6827
:105F380002F0080202434BD1086803F11407072650
:105F4800C40DC0F3045004F0040486403A5922EA10
:105F580006028E68864032433A51A24A486912685E
:105F680002F07042B2F1805FDA6844D1C2F3820273
:105F780052000F6990400C68042F44D003F160066A
:105F880004F0F84456F8272002F000422243024366
:105F980046F82720487E0C69471E56F82420784288
:105FA80022F00042784142EAC07246F824200A7E74
:105FB8000C6902F1FF3C186904F01F04DCF10002CF
:105FC80020F4F04042EB0C02D202A24002431A61D4
:105FD8001846FFF7DDFE00283CD00020002385F896
:105FE800503003B0F0BD92FAA2F20AB1B2FA82F2CE
:105FF8000124944081E712F0100FDA68B6D05208F5
:1060080002F00802B5E71A6EA00602F0F842B2EBF9
:10601800846F03D11A6E22F000421A665A6E02F09B
:10602800F842904203D15A6E22F000425A669A6EA4
:1060380002F0F842904203D19A6E22F000429A662A
:10604800DA6E02F0F8429042C2D1DA6E22F00042D3
:10605800DA66BDE70C68C868D3F8C020C4F313013A
:1060680000F0180622EA01025F49F14021400A4384
:10607800C3F8C0205D4A90425BD15D4A934227D164
:106088005C4A94426AD05C4A944269D05B4A944222
:1060980068D05B4A944267D002F18662103294421B
:1060A80064D0584A944202F1042202F5401235D0D5
:1060B800944232D002F1866202F5006294422AD0FC
:1060C800514A944248D0514A944253D1504A25E00B
:1060D800504A93424ED1474A94423FD0464A94424E
:1060E8003ED0464A94423DD0454A94423CD002F1C3
:1060F80086621032944239D0424A944238D002F132
:10610800042202F54012944202F1866202F500620E
:1061180004D09442D7D1404A00E0404A92FAA2F211
:106128000AB1B2FA82F2012101FA02F2D9690A43EC
:10613800DA61002CBFF651AF2D4A93421CD1D2F838
:1061480008132B48FFF724FE02463248FFF720FECB
:10615800024382F001021CE0314ADFE70122DDE759
:10616800304ADBE7304AD9E7304AD7E7304AD5E743
:10617800304AD3E70122D9E7264A934202D1D2F81E
:106188000812DEE72C4A2D489168FFF701FE80F0DF
:10619800010202F00102002A7FD0294801F0E072D2
:1061A800844253D10C023FF518AF24498B427FF447
:1061B80014AFD1F8083323F0E0731343214A43F4B2
:1061C8000003C1F80833204B1B68B3FBF2F301331B
:1061D8005B000193019B002B3FF4FFAE019B013B49
:1061E800F7E700BF0010005CFFFF0F000000FF474B
:1061F8000020024002003004040060080800900CEF
:106208001000C0100004002A000021430000844B45
:106218000000B84F00210240002090360010603284
:1062280000005247400020198000501D00018021C5
:106238000002B0250008302E0063025800600258A2
:10624800000084CB400D03006800002417488442F6
:1062580010D1C8013FF5C1AE15498B427FF4BDAEE0
:10626800D1F8083323F0E073134343F08073C1F887
:106278000833B2E60F4884427FF4AFAE49023FF5D7
:10628800ACAE0B498B427FF4A8AED1F8083323F0AB
:10629800E073134343F48003E9E76B6D012043F097
:1062A80020036B659AE602209BE600BF000052C7F8
:1062B800006002580000B8CF406D7047036870B5A1
:1062C80004461846FFF768FD9A6802F00802024380
:1062D80001D1002070BDDA6892013AD5A08A40F257
:1062E8000112904235D1274A19684E0625D5402219
:1062F80001211A601846FFF74FFD50B19A689507BB
:1063080007D49A6822F0004222F03F0242F01002BD
:106318009A6001291FD10425FFF71CFD0646236852
:106328009B682B42D5D0FFF715FD801B0528F6D9B1
:1063380023689B682B42F2D001E0013AD4D1636D07
:10634800012043F010036365A36D43F00103A365C7
:10635800C0E70229CED19A6810070AD59A68920731
:1063680007D49A6822F0004222F03F0242F020024D
:106378009A60022903D00329CDD10C25CCE7082542
:10638800CAE700BF01DC0C00026870B5044610467D
:10639800FFF7FEFC08B1002070BD9168204B194240
:1063A80009D0636D012043F010036365A36D43F0CA
:1063B8000103A365F0E7936823F0004323F03F034C
:1063C80043F001039360FFF7C5FC2368154A0646AE
:1063D80093420CD002F58072934202D0124B9B6814
:1063E80003E0124B9B68D906D5D1114D13E00F4B32
:1063F800F5E71046FFF7CCFC20B993682B4043F033
:1064080001039360FFF7A6FC801B022803D92368C9
:106418001B68DA07C5D522681368DB07E9D5BAE730
:106428003F00008000200240006302580023024021
:10643800C0FFFF7F3A4B70B504460068984255D0BC
:10644800384903F54073384A884218BF13469E6896
:10645800FFF7A2FC054600285FD194F85030012BC5
:106468005BD00123204684F85030FFF78DFF0028C9
:1064780050D1636D06F01F012A4A23F4706323F09C
:10648800010343F4807363652368934230D189BB69
:10649800A2F58072656D25F480156565656D15F446
:1064A800805502D0A56D25F00605A5651C259342EB
:1064B8001D604FF0000584F8505005D040F22125AA
:1064C80025FA01F1C90717D5DA68920105D5626D79
:1064D80022F4405242F4805262659A6822F00042E7
:1064E80022F03F0242F004029A6070BD0F4BAEE703
:1064F8001A46CFE70A4AD1E7636D43F48013636510
:10650800D3689B01F1D5636D23F4405343F4805362
:106518006365EAE784F85050E7E70220E5E700BF43
:10652800002002400021024000630258002302407C
:10653800026838B5044610469368FFF729FC08B985
:10654800002038BD9907FBD4936803F00D03012B95
:1065580019D1936823F0004323F03F0343F002036B
:10656800936003231360FFF7F5FB054623689B68D8
:10657800DB07E5D5FFF7EEFB401B0228F6D92368B9
:106588009B68DA07F2D5636D012043F01003636559
:10659800A36D43F00103A365D3E7000038B50446B3
:1065A800002800F0B780436D032143F002034365E0
:1065B800FFF784FE2268D36843F40013D3600028F1
:1065C80000F08E80012523685A686FF30A025A602A
:1065D80040F2FF721A609A6822F0A0429A609A68A4
:1065E80042F000529A60DA6802F08022DA60DA68D3
:1065F80042F00042DA60484A19690A401A615A6949
:1066080002F040425A619A6902F078429A611A6A25
:1066180002F07C421A625A6A02F07C425A62D3F84B
:10662800B02002F07C42C3F8B020D3F8B42002F0C6
:106638007C42C3F8B420D3F8B82002F07C42C3F8F7
:10664800B820D3F8BC2002F07C42C3F8BC20334AFF
:10665800196B0A4032491A635A6B0A405A639A6B9B
:106668000A409A63DA6B22F4FB6222F00702DA63CB
:106678001A6E00221A66596E5A66996E9A66D96E13
:10668800DA662849D3F8A0200A40C3F8A020D3F836
:10669800A4200A40C3F8A420D3F8C0200A40224905
:1066A800C3F8C0208B42D3F8C42002F0F822C3F804
:1066B800C42002D01D4A93421CD11B48FFF768FB37
:1066C80002461A48FFF764FB0243012A20D100233F
:1066D800A36584F850306365C4E91733284638BD8C
:1066E8002046FFF725FF054600287FF46BAF0123FE
:1066F800636568E70E48FFF74BFB0128E7D00D4BB1
:10670800996820460C4A0A409A6007F00DFFDEE7B8
:106718000A4BF5E70125E1E71CF800FC300882E0A8
:10672800200882E00000F0FF002002400021024023
:106738000060025800630258E03000FE0023024067
:1067480010B590F850300446012B19D001230321CD
:1067580080F85030FFF7B2FD20B10120002384F803
:10676800503010BD2046FFF7E3FE0028F5D1636DD9
:1067780023F4885323F0010343F001036365EDE735
:106788000220EEE738B5434A05460368934203D032
:1067980002F58072934225D13F4B9B6803F4403346
:1067A800003B18BF0123FBB94FF40020002105F07E
:1067B800DDF86B680446B3F5101F4AD03FD8B3F52F
:1067C800E01F44D036D8B3F5801F08D02CD8B3F5D5
:1067D800002F04D023F40022B2F5802F16D19B0C91
:1067E8005B000FE02D4BD8E704F0AAF86B6804466D
:1067F800B3F5003F05D0B3F5403F06D0B3F5803F71
:1068080004D11B0CB4FBF3F400E08408FFF7BAFAD8
:1068180041F203022B68904223D8214A94429A6895
:106828001BD942F480721AE0B3F5A01FD7D0B3F594
:10683800C01FD3E7B3F5001FE8D14409E6E7B3F575
:10684800201F08D0B3F5301FE0D1040ADEE70409A1
:10685800DCE78409DAE7C409D8E722F480729A6091
:1068680038BD104A944203D89A6822F44072F6E779
:106878000D4A944203D89A6822F44072D1E70B4A31
:1068880094429A6896BF22F4407242F4407242F4ED
:106898000072E4E70020024000230240006302582F
:1068A800002D310121BCBE0041787D0181F0FA0242
:1068B8000023F7B504460193002800F0E680456DF3
:1068C80025B907F0E7FDA56584F8505023689A6854
:1068D800900005D59A6822F0204222F03F029A6083
:1068E8009A68D10032D59A68D20044D4626D0125E5
:1068F80042F010026265A26D42F00102A2651846DC
:10690800FFF74AFA626D02F01002024340F0B980C4
:10691800626D184622F4817242F002026265FFF746
:1069280037FA002835D15A4A934203D002F58072CB
:10693800934222D15648FFF72BFA03465548FFF7F2
:1069480027FA0343012B24D0534A1CE09A68534981
:1069580022F0104222F03F0242F080529A60504AE0
:106968001268B2FBF1F201320192019A002ABAD000
:10697800019A013AF8E70025C1E74A48FFF708FA03
:10698800012806D0484A9368616823F47C130B43B6
:106998009360FFF7F7F941F2030C267F617D6045AC
:1069A800A3684FEA0642276B4FEA41315DD9102BA5
:1069B8005BD10A433A4342F01C03012E02BF226A0C
:1069C80002F1FF3243EA4243626A22B102F478726A
:1069D800A16A0A43134322683449D068014010462B
:1069E8001943D160FFF7D8F9936803F0080303430C
:1069F80027D1D368217D23F4804323F0030343EA9E
:106A08008133E16A0B43D36094F83830012B30D1DD
:106A1800E36B1069591ED4E91036334343EA014346
:106A2800A16C0B43224901400B4343F0010313615E
:106A380020461369616B23F070430B431361FFF722
:106A4800A1FEE3682268012B17D1116BA36921F01D
:106A58000F01013B0B431363636D23F0030343F002
:106A680001036365284603B0F0BD3B4313430B4362
:106A7800A3E7136923F00103D9E7136B23F00F038E
:106A8800E9E7636D43F0100363650125EAE700BF9A
:106A9800002002400021024000230240400D030074
:106AA80068000024006002580063025803C0F0FF29
:106AB8001EF800FC002373B50193044690F850308B
:106AC8000D461646012B3ED0012380F85030FFF7C3
:106AD8002FFD636D002833D123F48853226806F014
:106AE800804605F4803523F0020343F00203636512
:106AF800164B91680B4033432B4343F0004393609C
:106B08009368002B12DA019B013301930199104B12
:106B18009942F5D3636D012023F0120343F010036B
:106B28006365002384F8503002B070BD636D23F0B4
:106B3800030343F001036365002384F85030F3E74F
:106B480043F01003F7E70220EEE700BFC0FFFE3F67
:106B580000F8C32507490302CA6803F4E06322F476
:106B6800E0621204120C134343F0BF6343F4003392
:106B7800CB60704700ED00E0164B30B5DC68C4F31D
:106B88000224C4F10703251D042B28BF0423062D66
:106B98004FF0FF358CBF033C002405FA03F30028AF
:106BA80005FA04F521EA030322EA050203FA04F3CD
:106BB80043EA02034FEA0313DBB206DB00F160404D
:106BC80000F5614080F8003330BD00F00F00024A44
:106BD8001354F9E700ED00E014ED00E0002807DBAE
:106BE8000123410900F01F00024A834042F8213086
:106BF800704700BF00E100E000280CDB43090122D8
:106C080000F01F0004492033824041F82320BFF3DD
:106C18004F8FBFF36F8F704700E100E00138B0F18C
:106C2800807F0BD24FF0E023054AF0215861002005
:106C380082F82310072298611A6170470120704773
:106C480000ED00E0BFF35F8F044B5A6A22F48032F4
:106C58005A620022C3F89420704700BF00ED00E09C
:106C6800064B40F00100C3F894005A6A42F480329F
:106C78005A62BFF34F8FBFF36F8F704700ED00E08C
:106C88004378144AC2F89830D2F8A03023F00103B0
:106C9800C2F8A0304368C2F89C30C37A017B1B0657
:106CA80043EA017301780B43817A43EAC143417B8C
:106CB80043EA8143817B43EA4143C17B43EA014381
:106CC800417A43EA0123017A43EA4103C2F8A0303A
:106CD800704700BF00ED00E0002808DB43090122EF
:106CE80000F01F0002496033824041F823207047BA
:106CF80000E100E0704708B5FFF7FCFF08BD7047EA
:106D080010B5044608B9012010BD437F03F0FF0207
:106D180013B90277FFF7F3FF022363772379E3B907
:106D28002368134A5A619A6822F018029A606279B5
:106D38002368D2B94FF0FF321A6100209A6861695E
:106D480022F060020A43A1699A609A6822F08002E0
:106D58000A439A6001236377D6E7D4E902122046F2
:106D680000F008F80028E2D0CDE72269E4E700BF88
:106D7800B71DC104CB0710B50BD51E2321FA03F4A8
:106D8800E40708D5102A18D0102A09D862B1082AB1
:106D980015D0012010E0013BF0D2102AF4D1F8E719
:106DA800182AF6D1062BF4D800684161836823F0CD
:106DB800180313438360002010BD072BF3E70F2B44
:106DC800F1E710B5044640B10223037107F028FB30
:106DD800002020616071207110BD0120FCE70123B3
:106DE80010B558B1046801F01001226803FA01F1E6
:106DF80022EA010222600371002010BD1846FCE758
:106E0800F0B5DFF844C10468876D644545D04C4D42
:106E1800AC4242D01835AC423FD01835AC423CD0D9
:106E28001835AC4239D01835AC4236D01835AC429A
:106E380033D01835AC4230D005F55675AC422CD05D
:106E48001835AC4229D01835AC4226D01835AC429A
:106E580023D01835AC4220D01835AC421DD0183597
:106E6800AC421AD01835AC4217D0364DAC4214D0CB
:106E78001435AC4211D01435AC420ED01435AC42A6
:106E88000BD01435AC4208D01435AC4205D01435BB
:106E9800AC4202D01435AC4248D1D0E919566E60E4
:106EA800C56E15B1D0E91C566E606445C56D86681F
:106EB8002DD0234884422AD01830844227D0183055
:106EC800844224D01830844221D0183084421ED005
:106ED800183084421BD01830844218D000F5567000
:106EE800844214D01830844211D0183084420ED015
:106EF800183084420BD01830844208D018308442AD
:106F080005D01830844202D0183084420FD13F2077
:106F180005F01F0500FA05F5BD60206820F4802003
:106F28002060402E636008D1A260E160F0BD05F0EA
:106F38001F050120A8407860F3E7A160E260F5E74B
:106F48002800024008540258100002400368024614
:106F580023498B4210B531D018318B422ED01831CD
:106F68008B422BD018318B4228D018318B4225D038
:106F780018318B4222D018318B421FD018318B42E6
:106F88001CD001F556718B4218D018318B4215D0A0
:106F980018318B4212D018318B420FD018318B42E6
:106FA8000CD018318B4209D018318B4206D01831D9
:106FB8008B4203D023F0FF00906510BDDCB218218E
:106FC8000848103CB4FBF1F101F007015F2C415C6B
:106FD80023F47F7020F00300D16588BF0430EBE70D
:106FE800100002404863010802682049D3B28A426F
:106FF80028D014318A4225D014318A4222D0143143
:107008008A421FD014318A421CD014318A4219D0C6
:1070180014318A4216D014318A4213D01821103BF9
:10702800B3FBF1F312491144A8291CD903F180528A
:10703800012103F01F0302F5024201FA03F30D498F
:1070480092000CE01422083B0121B3FBF2F303F198
:10705800B05201FA03F3084902F51642920083661A
:10706800C0E9182170470833E0E700BF0854025808
:10707800F0FBFDBF80080240805802580279511E7B
:10708800072910B521D80368134CA3421ED0143425
:10709800A3421BD01434A34218D01434A34215D0F1
:1070A8001434A34212D01434A3420FD01434A34290
:1070B8000CD01434A34209D0084B1344084A9B004F
:1070C800C0E91B3201238B40436710BD054B1344B5
:1070D800054A9B00F4E700BF085402583F8200109D
:1070E800400902403F96001640590258F8B5054637
:1070F800FEF730FE0746002D00F0D2802C68AA4E1D
:10710800B44200F08D80A94B9C4200F0898018336E
:107118009C4200F0858018339C4200F0818018332F
:107128009C427DD018339C427AD018339C4277D049
:1071380018339C4274D003F556739C4270D01833B0
:107148009C426DD018339C426AD018339C4267D059
:1071580018339C4264D018339C4261D018339C4247
:107168005ED018339C425BD0914B9C4240F0FC802F
:10717800022385F83530002385F83430AB68216860
:10718800402B6FF3101100F00D81A3F180025342E0
:1071980053419B03D5E90320024368690243A86968
:1071A8000243E8690243286A41EA1011284641EA85
:1071B800D2021343142223607E4B2344B3FBF2F321
:1071C8009B00EB65FFF7C2FEEB6D03F01F02012386
:1071D80093404360764B9C4200F0AB8014339C4252
:1071E80000F0A78014339C4200F0A38014339C4223
:1071F80000F09F8014339C4200F09B8014339C4223
:1072080000F0978014339C4200F0938014339C4222
:1072180000F08F8000200123686585F8353040E054
:10722800022385F83530002385F83430236823F0AD
:10723800010323602C682368DB0727D423685E4991
:10724800AA691940D5E902300343286903436869EC
:107258000343E86913430343286A0343686A04281D
:1072680043EA010302BFD5E90B1739430B435349DE
:1072780009686FF30F01B1F1005F1BD369682E290C
:1072880010D8282916D943F4801313E0FEF762FDBD
:10729800C01B0528CED920236B65032385F835301C
:1072A8000120F8BD3F39132904D8454F27FA01F1C9
:1072B800CF07E8D423600428636923F0070343EA6F
:1072C800000328D1A96AE86A0B4320B33AB9012917
:1072D80016D031F002021ED1C1011CD513E0B2F55F
:1072E800005F14D1032916D801A252F821F000BF7B
:1072F8000F730008E17200080F7300080973000893
:10730800B0F1C07F07D140236B650123C6E702298E
:10731800F9D90329E0D063612846FFF717FEEB6D22
:10732800B44203F01F024FF03F0303FA02F38360F5
:107338004AD128460024FFF757FEAB682A6E802BF7
:1073480004BF00236B606B68D9B2013B1160072B47
:10735800D5E91921516066D8FFF790FEEB6E1C60E5
:10736800D5E91C325A6055E7164B9C423FF400AFF2
:1073780014339C423FF4FCAE14339C423FF4F8AE05
:1073880014339C423FF4F4AE14339C423FF4F0AE05
:1073980014339C423FF4ECAE14339C423FF4E8AE05
:1073A800402379E71023F5E6100002402800024048
:1073B80008540258F8ABFDA73F8010FE0010005C8F
:1073C8000F030F001C540258194B9C42B1D01833BC
:1073D8009C42AED018339C42ABD018339C42A8D004
:1073E80018339C42A5D018339C42A2D018339C4233
:1073F8009FD003F556739C429BD018339C4298D07B
:1074080018339C4295D018339C4292D018339C4232
:107418008FD018339C428CD018339C4289D01833B3
:107428009C4286D0D6E6C5E91B446C67F2E600BFED
:107438002800024070B50546002800F0DA8090F870
:107448003400012800F0D780012085F8340095F831
:10745800350001284FF0000040F0C6800224674E36
:1074680085F835402C686865B4421ED0644884426B
:107478001BD01830844218D01830844215D01830E8
:10748800844212D0183084420FD0183084420CD075
:107498001830844209D000F55670844205D018305F
:1074A800844202D018308442FFD0206820F00100C6
:1074B80020602846FFF7A4FCB4422A6C53D0504BF6
:1074C8009C4250D018339C424DD018339C424AD02D
:1074D80018339C4247D018339C4244D018339C42FE
:1074E80041D018339C423ED003F556739C423AD0A3
:1074F80018339C4237D018339C4234D018339C42FE
:1075080031D018339C422ED018339C422BD01833DC
:107518009C4228D018339C4225D0236823F00E03C0
:1075280043F00A032360002A54D1364B9C4225D0ED
:10753800354B9C4222D014339C421FD014339C42BA
:107548001CD014339C4219D014339C4216D01433E7
:107558009C4213D014339C4210D02368002043F07F
:107568000103236070BD236823F01E0343F0160354
:1075780023601AB1236843F0080323602B6E1A684E
:10758800D2032CD4EB6E1BB11A6842F480721A60D5
:10759800B442E2D01A4B9C42DFD018339C42DCD074
:1075A80018339C42D9D018339C42D6D018339C4209
:1075B800D3D018339C42D0D018339C42CDD003F599
:1075C80056739C42C9D018339C42C6D018339C428B
:1075D800C3D0C2E7236843F004032360A5E71A6811
:1075E80042F480721A60CDE74FF4006385F83400E6
:1075F8006B650120B6E70220B4E700BF1000024027
:1076080028000240085402581C540258F8B5054690
:10761800FEF7A0FB074645B195F83530022B06D09A
:1076280080236B65002385F834300120F8BD2C6871
:107638007C4EB4425BD07C4B9C4258D018339C4261
:1076480055D018339C4252D018339C424FD018332F
:107658009C424CD018339C4249D018339C4246D0A7
:1076680003F556739C4242D018339C423FD01833DE
:107678009C423CD018339C4239D018339C4236D0B7
:1076880018339C4233D018339C4230D018339C4274
:107698002DD0236823F00E032360644B9C422FD126
:1076A8002A6EB442136823F4807313603DD05E4B96
:1076B8009C423AD018339C4237D018339C4234D07D
:1076C80018339C4231D018339C422ED018339C4238
:1076D8002BD018339C4228D003F556739C4224D0F3
:1076E80018339C4221D018339C421ED01DE02368D9
:1076F80023F01E032360636923F080036361CFE7EF
:107708004B4B9C42CCD014339C42C9D014339C427E
:10771800C6D014339C42C3D014339C42C0D0143317
:107728009C42BDD014339C42BAD0236823F0010395
:1077380023602368DB0747D42B68EA6DB342A86D42
:1077480002F01F024BD038498B4248D018318B4287
:1077580045D018318B4242D018318B423FD0183176
:107768008B423CD018318B4239D018318B4236D0FD
:1077780001F556718B4232D018318B422FD0183117
:107788008B422CD018318B4229D018318B4226D00D
:1077980018318B4223D018318B4220D018318B42BC
:1077A8001DD0012101FA02F24260204A93421AD107
:1077B800D5E919325A60EB6E5BBB0123002085F8CE
:1077C800353085F8340031E7FEF7C4FAC01B0528C8
:1077D800AFD920236B65032385F8353022E73F2393
:1077E80093408360E4E7124A9342E1D01432934213
:1077F800DED014329342DBD014329342D8D0143204
:107808009342D5D014329342D2D014329342D4D179
:10781800CEE71A6822F480721A60D5E91C325A60E1
:10782800CBE700BF1000024028000240085402586D
:107838001C54025808B528B190F83530022B03D0F3
:107848008023436501205DE003683F4A934251D09D
:10785800183293424ED0183293424BD0183293428A
:1078680048D01832934245D01832934242D0183249
:1078780093423FD0183293423CD002F5567293425D
:1078880038D01832934235D01832934232D0183259
:1078980093422FD0183293422CD01832934229D0D9
:1078A8001832934226D01832934223D01A6822F015
:1078B8000E021A601A6822F001021A60234A9342E3
:1078C80021D1026E136823F480731360D0E9161374
:1078D80003F01F02012393404B60D0E919325A602C
:1078E800C36E2BB31A6822F480721A60D0E91C3276
:1078F8005A601DE0042280F835201A6822F001023F
:107908001A60002008BD124A9342DAD0143293421A
:10791800D7D014329342D4D014329342D1D01432F7
:107928009342CED014329342CBD014329342C8D073
:10793800012380F83530002380F83430036D002BA4
:10794800DFD09847DDE700BF100002400854025816
:107958001C54025800232DE9F34101930446844B3B
:10796800844F1E680368856DBB42D5F80080D5F842
:1079780000C047D0804A934244D01832934241D045
:10798800183293423ED0183293423BD01832934279
:1079980038D01832934235D01832934232D002F59B
:1079A800567293422ED0183293422BD018329342FB
:1079B80028D01832934225D01832934222D0183258
:1079C80093421FD0183293421CD01832934219D0D8
:1079D8006A4A934240F03681E16D04201A6801F04A
:1079E8001F01884010EA0C0F00F05381560740F140
:1079F80050811104686040F14481D30300F147814C
:107A0800A36CA0E0E26D082102F01F02914011EA88
:107A1800080F0BD01868400708D5186820F0040034
:107A28001860A960616D41F00101616528FA02F1F1
:107A3800C80709D55969090606D501219140A960E9
:107A4800616D41F0020161650421914011EA080F5E
:107A580007D01868800704D5A960616D41F004015A
:107A68006165102101FA02F212EA080F0FD01968B5
:107A780009070CD5AA601A6850036CD51B6819034E
:107A880001D4236C00E0A36C0BB120469847E26D4B
:107A9800202102F01F02914011EA080F7AD02368D2
:107AA800BB422DD0344883422AD01830834227D095
:107AB8001830834224D01830834221D018308342B2
:107AC8001ED0183083421BD01830834218D000F5DE
:107AD8005670834214D01830834211D01830834234
:107AE8000ED0183083420BD01830834208D018309B
:107AF800834205D01830834202D01830834232D1F5
:107B0800186810F0100F45D0A96094F835100429B2
:107B180036D1196821F016011960596921F08001E0
:107B28005961216C09B9A16C19B1196821F00801D2
:107B380019603F239340AB60012384F8353000235C
:107B480084F83430236D002B00F09880204602B072
:107B5800BDE8F04118471A68D20592D41A6822F095
:107B680008021A608DE7186810F0020FCBE700BF13
:107B780068000024100002402800024008540258FF
:107B88001A68500343D51B6819034DD4636C0BB1B5
:107B980020469847636D002B70D0636DDA074FD588
:107BA800042384F835302368BB421ED04F4A9342E1
:107BB8001BD01832934218D01832934215D018327D
:107BC800934212D0183293420FD0183293420CD0FD
:107BD8001832934209D002F55672934205D01832F2
:107BE800934202D018329342FFD01A6822F0010261
:107BF8001A604FF41652B6FBF2F6019A0132B242FD
:107C0800019213D91B68DB0714D4012313E01A6807
:107C180012F4807208D1196821F01001196001234B
:107C280084F8342084F83530E36BB0E71A68D70756
:107C3800E3D4E7E7032384F83530002384F83430AD
:107C4800E36C80E72A4A93423FF4C6AE143293426B
:107C58003FF4C2AE143293423FF4BEAE14329342A4
:107C68003FF4BAAE143293423FF4B6AE14329342A4
:107C78003FF4B2AE143293423FF4AEAE02B0BDE868
:107C8800F081970603D41A6822F004021A60236C64
:107C980059E70220884010EA0C0F16D0960714D531
:107CA8006860100403D5D1030DD4636C4BE712F060
:107CB800200208D1196821F00A011960012384F80B
:107CC800342084F83530E36B3DE70820884010EA1B
:107CD8000C0FD3D01207D1D51A6822F00E021A6001
:107CE800012303FA01F169606365A4E728000240F3
:107CF8001C54025890F835007047406D70470000DA
:107D08002DE9F74F0023DFF8C4914FF0B0440A681B
:107D180032FA03F502D103B0BDE8F08F012505FA68
:107D280003F818EA020200F0BB804E6803274FEA06
:107D3800430E06F0030507FA0EFC6F1E6FEA0C0CE3
:107D4800012F34D8876807EA0C0ACF6807FA0EF7BC
:107D580047EA0A078760476827EA0808C6F3001752
:107D68009F4047EA08074760C768022D07EA0C08E2
:107D78008F6807FA0EF747EA0807C76019D14FEA74
:107D8800D30803F0070A4FF00F0B00EB88084FEAFF
:107D98008A0AD8F820700BFA0AFB27EA0B0B0F693E
:107DA80007FA0AF747EA0B07C8F8207001E0032D25
:107DB800DAD1076805FA0EF516F4403F07EA0C0712
:107DC80045EA070505606BD0D9F8F45023F003079E
:107DD80003F0030C4FF00F0E45F0020507F1B04712
:107DE8004FEA8C0CC9F8F45007F58067D9F8F450BD
:107DF8000EFA0CFE05F002050195019DBD6825EA05
:107E08000E0E314DA8424DD005F58065A8424BD0E5
:107E180005F58065A84249D005F58065A84247D098
:107E280005F58065A84245D005F58065A84243D090
:107E380005F58065A84241D005F58065A8423FD088
:107E480005F58065A8423DD005F58065A84214BFB8
:107E58000A25092505FA0CF516F4801F45EA0E05D2
:107E6800BD606FEA020725680CBF3D40154316F454
:107E7800001F256065680CBF3D40154316F4003FA0
:107E88006560D4F884500CBF3D401543F603C4F830
:107E98008450D4F8805054BF3D401543C4F88050F6
:107EA800013334E70025D5E70125D3E70225D1E7DB
:107EB8000325CFE70425CDE70525CBE70625C9E748
:107EC8000725C7E70825C5E70000025800440258FF
:107ED8000AB1816170470904FBE74FF0B042D2F85C
:107EE8008810014208B503D0C2F8880006F0DAFC11
:107EF80008BD03689A69910701D500229A629A69B8
:107F0800D20703D49A6942F001029A6170470000CF
:107F180030B5039DC1F3090104682B43606843EA47
:107F28000243054A0B4342EA555223F0004320EA34
:107F380002000343636030BDFF63FF03204B426BC5
:107F48009A4201F0010370B50DB201F0020420D08D
:107F58001C4EB2421DD01C4EB2421AD0002DC3F1A5
:107F68000003B4BFB822002203F0F203134314B194
:107F780043F0F40308E0102902D143F0900303E032
:107F8800202901D143F0200301680A6813430B60DC
:107F980070BD002DC3F10003B4BFB822002203F066
:107FA800F2031343002CE3D11029E6D0202902D193
:107FB80043F06003E8E7402908BF43F04003E3E7E4
:107FC800F18C000851900008C98B000811F00103DA
:107FD80007D090F8413003F02803282B14BFF22370
:107FE80042238A0709D590F8412002F02802282A5E
:107FF8000CBF43F0440343F0F4030A04016848BF8C
:1080080043F0B8030A6822EA03030B6070472DE9BE
:10801800F8430568064688461746AC6914F010040C
:1080280070D000241023A146EB613568AB6998062F
:1080380062D4B9F1000F34D044F004040120AB69D4
:10804800D90505D54FF4807244F001040120EA6196
:108058005A0505D54FF4806244F008040120EA610E
:108068009B0551D54FF4007344F00204EB61304690
:10807800FFF73FFF6B68012023F0FF7323F48B3376
:1080880023F4FF7323F001036B60736C2343736461
:10809800202386F84130002386F8423086F84030A5
:1080A80034E0B8F1FF3FC1D0FDF754FEC01B404596
:1080B80002D8B8F1000FB8D13368596896F8422051
:1080C8009869D2B200040AD5490408D4202A06D0F7
:1080D8005A6842F480425A60FDF73CFE074633680E
:1080E8009B699D06A1D4FDF735FEC01B1928F6D95A
:1080F80020244FF0010998E7B9F1000F9CD1202303
:10810800EB6199E720469AE70028B0D1BDE8F883EB
:108118002DE9F041DDF8188004460F4616461D4645
:1081280023689B6937EA03030CBF01230023B3428A
:1081380001D0002025E0424629462046FFF767FF88
:10814800F0B96B1CECD0FDF705FEA0EB0800A842C7
:1081580001D8002DE4D123689B6937EA03030CBFDB
:1081680001230023B342DBD1636C43F02003636433
:10817800202384F84130002384F8423084F84030CA
:108188000120BDE8F081C36AAA2B02D10023C36293
:108198007047C36AB3F52A4FFAD14FF00073F6E778
:1081A800704710B5044600284ED090F8413003F0CF
:1081B800FF021BB980F84020FFF7F2FF242384F860
:1081C800413023681A6822F001021A60626822F0BE
:1081D80070621A619A6822F400429A60D4E9022116
:1081E800012906D142F400429A605A6822F40062DA
:1081F80007E042F4044202299A60F6D15A6842F430
:1082080000625A6000205A6842F0007242F400424C
:108218005A60DA6822F40042DA60D4E904210A4399
:10822800A16942EA0122DA60D4E907210A431A6007
:108238001A6842F001021A602023606484F8413011
:10824800206384F8420010BD0120FCE7704710B598
:10825800044698B10268242380F84130136823F05B
:1082680001031360FFF7F2FF0020606484F8400008
:1082780084F84100206384F8420010BD0120FCE727
:108288002DE9FF471D46002304461746039390F83F
:108298004130202B79D103689B6913F4004374D1D2
:1082A80090F84020012A70D0C1F30906012246F057
:1082B800007880F84020242248F4205880F8412093
:1082C8004364E3682268012B0ABF46F00073434603
:1082D80043F400535360FDF73DFD814622689369DE
:1082E8009269C3F34013C2F3001213431DD02368ED
:1082F8009A6912F0100A38D12B465246202120469E
:10830800CDF80090FFF704FF28B3636C042B04D169
:1083180023682022DA61C4F844A0039B0133039345
:10832800039B039BBB42CCD309E06B1CD6D0FDF763
:1083380011FDA0EB0900A84201D8002DCED12023C1
:10834800012084F84130636C43F020036364002308
:1083580084F8403006E020232268D36184F8413055
:1083680084F8400004B0BDE8F087102220212046A0
:10837800DA612B460022CDF80090FFF7C9FE0028ED
:10838800CBD123682022DA61C7E70220EAE70000A0
:10839800F7B5044690F84100089F20285BD194F86F
:1083A8004000012857D0012027F00075626284F848
:1083B8004000212084F84100102084F84200002069
:1083C80060646385254BE7626363638D9BB2FF2B13
:1083D80024D9FF204FF0807620852DBB9446226853
:1083E8001CF8013B93620246608D531EC4F824C0FA
:1083F8000138238580B26085236B112B04D1AA2F05
:1084080002D0B7F52A4F11D12046FFF7BCFE638D85
:108418009BB2FF2B00D8E66A114B08E0608DE66A34
:1084280080B220850028D8D10022E5E700230093F8
:1084380033466DB9D2B200252046FFF769FD2046C4
:10844800012184F84050FFF779FD284603B0F0BDBC
:1084580094F82820EFE70220F8E700BF978A000881
:108468000020008037B50446069894F84150202D26
:1084780043D194F84050012D3FD00125626284F821
:108488004050222584F84150102584F84250002598
:10849800656463851A4BE0626363638D9BB2FF2B4F
:1084A80015D9FF234FF080722385236B122B04D13B
:1084B800AA2802D0B0F52A4F0DD12046FFF763FE57
:1084C800638D9BB2FF2B00D8E26A0E4B04E0638DEC
:1084D800E26A2385E9E70023002500932046134636
:1084E80094F82820FFF714FD2046022184F8405014
:1084F800FFF724FD284603B030BD0220FBE700BF8C
:10850800978A000800240080F8B51F4690F841308B
:1085180004460E4603F028031546282B01D00120F7
:10852800F8BD01B11AB94FF400736364F7E748F274
:108538000101FFF74BFD90F84030012B40D001239B
:1085480080F8403090F841302A2B14D10221FFF7EF
:108558003DFD03681A6810040DD51A68E06B22F413
:1085680000421A6038B1174B0365FFF763F910B181
:10857800E06B036D984729232068002284F8413076
:10858800202384F842306264436823F40043436044
:108598006585638DE76223850B4B66626363836938
:1085A8008169C90303D51B0701D50823C361204688
:1085B80048F2010184F84020FFF7C0FC0020AFE733
:1085C8000220ADE7FF920008ED910008F8B51F46BC
:1085D80090F8413004460E4603F028031546282B30
:1085E80001D00120F8BD01B11AB94FF400736364DA
:1085F800F7E748F20201FFF7E9FC90F84030012B59
:108608003FD090F841300121292B80F8401013D138
:10861800FFF7DCFC03681A6850040DD51A68A06BD4
:1086280022F480421A6038B1174B0365FFF702F94C
:1086380010B1A06B036D98472A232068002284F8A4
:108648004130202384F842306264436823F40043B5
:1086580043606585638DE76223850C4B66626363BF
:1086680083698169C90303D41B0701D50823C36142
:10867800204648F2020184F84020FFF75FFC002002
:10868800B0E70220AEE700BFFF920008ED910008B6
:1086980008B590F84120202A0AD128224FF4004139
:1086A80080F84120034A4263FFF748FC002008BDD8
:1086B8000220FCE7ED9100080268436B916912689B
:1086C80003B1184770477047704738B5002580F8E0
:1086D800425090F84130212B4FF0200380F8413070
:1086E8000AD11123012145630363FFF76FFC80F86A
:1086F8004050FFF7E8FF38BD1223022145630363AA
:10870800FFF764FC80F84050FFF7DEFFF3E708B599
:10871800036800211A6880F84210510415D51A68B8
:1087280022F480421A6090F84130292B13D1282373
:10873800012180F8413021230363FFF747FC002320
:1087480080F84030FCF7A2FA08BD1204EBD51A688D
:1087580022F40042E6E790F841302A2BF4D128238E
:10876800022180F8413022230363FFF72FFC002306
:1087780080F84030FCF777FAE6E790F8412002F0FD
:108788002802282AF8B5036835D19E69C2689D6910
:10879800C6F30046022A99684FEA1545DF6805F0D6
:1087A800FE051FD185EAD115C1F3090215F00605AA
:1087B8000ED1816C01318164816C022907D10821B5
:1087C8008564D96180F840503146FCF700FAF8BD5D
:1087D8004FF40041FFF7FAFB002307F0FE0280F890
:1087E8004030F1E74FF40041FFF7F0FB00232A4641
:1087F80080F84030E8E70822DA61002380F840304A
:10880800E5E7000008B5164B2022C3620023036386
:10881800436380F8412080F842304B0712D5036843
:108828005A6A436A1A70436A01334362038D4BB133
:10883800013B0385438D013B9BB24385436C43F069
:108848000403436448F20301FFF7C0FB03681022E6
:10885800DA61002380F84030FCF7F0F908BD00BF6A
:108868000000FFFF70477047704790F84120602A6A
:108878004FF0000208B508D1202180F8402080F888
:1088880041100263FFF7F0FF08BD026380F8402043
:10889800FCF700FAF8E7000070B5002290F84130C4
:1088A8003C4D044680F84220283BC5624285022B95
:1088B800426C42EA010242642AD80321FFF786FB90
:1088C800282380F84130344BA06B6363236B002866
:1088D80041D0112B01D0212B3DD123681A685104B6
:1088E80003D51A6822F480421A60FFF703FA0128B8
:1088F8002CD02A4BA06B0365002384F84030FEF788
:1089080099FF002845D0A06B036DBDE8704018475B
:1089180048F20301FFF75AFBFFF7EBFA90F84130F2
:10892800602B11D0202380F8413003689A6995069E
:108938000AD59A69D00605D51022DA61626C42F030
:10894800040262642022DA610023BDE72046BDE804
:108958007040FFF78ABFE06B0028F7D0122B01D0D8
:10896800222BF3D123681A68120403D51A6822F45B
:1089780000421A60FFF7BEF90128E7D0074BE06B09
:108988000365002384F84030FEF754FF08B1E06B1C
:10899800BAE770BD0000FFFFED910008FF920008E4
:1089A80073B52023056804460E46EB6190F8413004
:1089B800212B36D10121FFF709FB112323636B68B3
:1089C800F20623F0FF7323F48B3323F4FF7323F0B1
:1089D80001036B604FF000036363A3F58033E36228
:1089E80005D51023EB61636C43F00403636494F8CA
:1089F8004130602B05D1730703D56B6ADBB2019355
:108A0800019B2046FFF775FA636C94F84120602AB1
:108A180000D07BB1616C204602B0BDE87040FFF722
:108A28003BBF90F84130222BC9D10221FFF7CEFA83
:108A38001223C3E794F84120212A12D1202284F876
:108A4800403084F84120236394F8422084F842306F
:108A5800402A03D1FFF706FF02B070BDFFF733FECF
:108A6800FAE794F84120222AF6D1202284F84030EF
:108A780084F84120236394F8422084F84230402A45
:108A880002D1FFF7F0FEE7E7FFF71EFEE4E773B554
:108A980090F8403004460D461646012B00F08E80B3
:108AA8000123E90680F8403017D5F20615D503688A
:108AB8001022DA61436C43F004034364FFF719FAA8
:108AC800AA0605D5B30603D529462046FFF768FF51
:108AD800002084F8400002B070BD6B0712D5700703
:108AE80010D5236825F004055A6A636A1A70636A08
:108AF80001336362238D013B2385638D013B9BB268
:108B08006385DDE76906C5F380130DD4AA070BD585
:108B1800B00709D5638D9BB2002BD1D0636A226858
:108B280013F8011B9162E4E7290632D57206C7D50E
:108B3800638D22689BB203B3208DF0B95168638DB1
:108B4800C1F309019BB2FF2B08D9FF224FF08073B4
:108B5800228500902046FFF7DBF9B1E7628DE36AD2
:108B680092B213F5803F2285D2B202D0E36A009018
:108B7800F0E74FF000730090ECE753689B0103D4D3
:108B88002046FFF7A2FD9BE740212046FFF784FE21
:108B980096E7002B94D0700692D5638D9BB2002B7C
:108BA800F2D123685A6891018AD4E26A12F5803FAB
:108BB800E6D15A6842F480425A6081E702208AE787
:108BC80037B590F840300446012B00F08680012329
:108BD80080F84030CB0612D5D50610D50368102290
:108BE8002021DA61436C43F004034364FFF7A6F9DC
:108BF800FFF77FF9002084F8400003B030BD8807F4
:108C080008D5930706D52368226D9A624FF0FF3383
:108C18002365EFE70D0636D5500634D501212046E9
:108C2800FFF7D4F91021FFF789F9638D9BB233B3AD
:108C3800638D9BB2FF2B18D9FF25E16C0023258596
:108C480000932A464FF0807389B2FFF761F9638D6C
:108C58005B1B9BB2638594F841202368222A1A681B
:108C680030D142F400421A60C4E7658D0023E16CFC
:108C7800ADB225850093EAB24FF00073E4E74021D6
:108C8800FFF70AFEB6E74B061FD555061DD501218D
:108C98002046FFF79BF91021FFF750F994F841108F
:108CA8000F4A104B222918BF1346628D92B2FF2A31
:108CB80003D9FF25E16C2585C2E7658DE16CADB26E
:108CC8002585D7E742F48042CDE7880692D59306FA
:108CD80090D52046FFF764FE8CE702208DE700BFA1
:108CE800002000800024008073B590F840300446CE
:108CF800012B78D0012380F84030CB0612D5D60658
:108D080010D5036810222021DA61436C43F0040374
:108D18004364FFF713F9FFF7ECF8002084F84000EC
:108D280002B070BD0D0641D550063FD526683368A0
:108D380023F040033360638D9BB25BB37168638D2E
:108D4800C1F309019BB2FF2B18D9FF254FF080739F
:108D58002585002220460092EAB2FFF7D9F8638DF4
:108D68005B1B9BB2638594F84130222B33680CBFA0
:108D780043F4004343F480433360CEE7658DE36AF0
:108D8800ADB213F5803F258501D0E36AE1E74FF0E6
:108D98000073DEE773689A0103D42046FFF795FC59
:108DA800BBE740212046FFF777FDB6E74B0612D513
:108DB800560610D5638D9BB2002BF2D123685A68F2
:108DC8009501AAD4E26A12F5803FE6D15A6842F4C6
:108DD80080425A60A1E788069FD593069DD5204614
:108DE800FFF7DEFD99E702209AE7036899691A6898
:108DF80010B4CC0508D5140606D5446C44F001041B
:108E080044644FF48074DC614C0508D5140606D51B
:108E1800446C44F0080444644FF48064DC618905C0
:108E280008D5120606D5426C42F0020242644FF49D
:108E38000072DA61416C11F00B0F03D05DF8044B3E
:108E4800FFF72ABD5DF8044B704700002DE9F0419B
:108E58000568202204460E46D5F80080C76A90F8B7
:108E68004130EA61213B092B0CD8DFE803F0058D7E
:108E78000B0B0B0B0B93058D48F20101FFF7A6F8BE
:108E8800212323636B68204643F400436B606B68BF
:108E980023F0FF7323F48B3323F4FF7323F00103D0
:108EA8006B60FFF726F818F4804F79D02B6823F40D
:108EB80080432B60A36B2BB31B68614A93421ED07F
:108EC800183293421BD01832934218D0183293426A
:108ED80015D01832934212D0183293420FD018325C
:108EE80093420CD01832934209D002F5567293423D
:108EF80005D01832934202D018329342FFD05B68F3
:108F08009BB2638572070FD5636A26F004066A6A06
:108F18001A70636A01336362238D2BB1013B238589
:108F2800638D013B9BB26385638D9BB21BB1636C00
:108F380043F004036364F30611D518F0100F0ED044
:108F4800638D9BB2002B45D194F84130282B30D14A
:108F5800B7F1007F2DD131462046FFF753FC00239F
:108F680084F84230656C6363002D42D0616C204602
:108F7800FFF792FC94F84130282B4CD1314620461B
:108F8800BDE8F041FFF73EBC48F20201FFF71EF8CA
:108F9800222376E748F20301FFF718F8002370E769
:108FA80018F4004FAED02B6823F400432B60E36B1A
:108FB80081E794F841202368292A4FF01002DA61EA
:108FC800CDD117F5803FCAD02046FEF792FFFFF7B4
:108FD8009EFBC4E723681022DA61636C43F0040344
:108FE800636437F08073BAD1616C2046FFF754FC94
:108FF800B5E7E36A13F5803F0FD02046FFF787FBFC
:10900800104B204684F84050E362202384F8413016
:109018002563FBF713FEBDE8F08194F84130204644
:1090280084F84050222B4FF0200384F84130256308
:1090380002D1FBF718FEEEE7FBF728FEEBE700BFCF
:10904800100002400000FFFF70B590F84030044661
:109058000D46C66A012B00F0C080012380F840301D
:109068008B0607D5930605D5FFF7F0FE002084F898
:10907800400070BDEB0640F1A680D00640F1A38009
:10908800C2F3803102F4004252EA010300F09780F3
:10909800E36B3BB33AB31B68514A93421ED0183274
:1090A80093421BD01832934218D01832934215D0ED
:1090B8001832934212D0183293420FD0183293428A
:1090C8000CD01832934209D002F55672934205D05B
:1090D8001832934202D018329342FFD05B68B3FA39
:1090E80083F35B091A46A36B43B339B31B683C4946
:1090F8008B421ED018318B421BD018318B4218D0AE
:1091080018318B4215D018318B4212D018318B424E
:109118000FD018318B420CD018318B4209D001F591
:1091280056718B4205D018318B4202D018318B42D0
:10913800FFD05B68B3FA83F35B090BB9012A1DD131
:1091480094F84130282B07D1B6F1007F04D1294685
:109158002046FFF757FB89E794F841202368292A1E
:109168004FF01002DA6181D116F5803F3FF47EAFEF
:109178002046FEF7BEFEFFF7CAFA77E723681022FB
:10918800DA6136F08072636C43F00403636494F828
:109198004130DBB27FF46AAF213B092B08D8DFE806
:1091A80003F0050C070707070707050C21232363AE
:1091B800616C2046FFF770FB58E72223F7E7236826
:1091C8001022DA6152E729077FF550AF13077FF5C0
:1091D8004DAF2046FFF7D1FA48E7022049E700BF24
:1091E8001000024070B590F8406004460B46C56A0E
:1091F800012E7ED0012680F840608E0607D596069F
:1092080005D5FFF723FE002084F8400070BDD9067D
:1092180030D5D6062ED5628D92B2E2B994F84120A7
:10922800282A07D1B5F1007F04D119462046FFF757
:10923800E9FAE8E794F841202368292A4FF0100258
:10924800DA61E0D115F5803FDDD02046FEF751FE0A
:10925800FFF75DFAD7E723681022DA61636C43F001
:109268000403636435F08073CDD1616C2046FFF749
:1092780013FBC8E758071BD5510719D5638D9BB257
:109288006BB123685A6A636A1A70636A013363624E
:10929800238D013B2385638D013B9BB26385638DE1
:1092A8009BB2002BAFD115F5803FACD02046CFE75D
:1092B8001E0705D5100703D52046FFF75EFAA2E77B
:1092C8009907A0D593079ED5638D9BB26BB1636A4E
:1092D800226813F8011B91626362638D013B9BB2A4
:1092E8006385238D013B23858DE735F080738AD113
:1092F800DCE702208AE7806B836B0BB100221A65DA
:10930800C36B0BB100221A65FFF7AFBA90F84100A2
:109318007047406C704728B190F83D30022B03D05D
:1093280080238366012070470268042380F83D305B
:109338000020D36823F00103D3607047F7B50446D3
:10934800E0B190F8953403F0FF021BB980F894243B
:1093580006F096FD03232068251D84F8953404F053
:109368003DFB237C8DF80030206895E80E0004F062
:1093780070FA014630B1022384F895340125284655
:1093880003B0F0BD206804F02FFB0028F3D1267944
:1093980004F1140301270246C1B224338E4220D8B7
:1093A800002104F515730A46C8B22433864226D82C
:1093B800237C8DF80030206895E80E0004F08EFBC1
:1093C80005460028D7D10123607484F89534237B9F
:1093D800012B02D1204600F0EEFC206804F0AFFE1D
:1093E800CDE723F80A0C013003F8237C03F8241C8A
:1093F80003F8202C43F8142C43E90722CCE7013169
:1094080003F8232C03F8240C03F8202C43F8142C1D
:1094180043E90722C8E710B50446006894F8943475
:10942800012B15D0012384F89434C3685B0606D554
:10943800637B012B03D1836B43F48033836304F094
:10944800C7FA206804F06DFE002084F8940410BD6B
:109458000220FCE710B590F894240446012A0AD0AB
:109468000122417480F89424006804F04AFE002028
:1094780084F8940410BD0220FCE770B50546242446
:1094880001F00F0011F0800FC2F30A0200FB04F490
:1094980014BF04F1140104F5157105EB040619BF96
:1094A800012449194919002414BF747586F85542D6
:1094B8008A604A7808700B7102B14883022B04BF96
:1094C80000234B7195F89434012B09D001232868A7
:1094D80085F8943404F0C5FB002085F8940470BD29
:1094E8000220FCE701F00F02242311F0800F02FB99
:1094F80003F310B514BF03F1140103F51571044605
:10950800184415BF012300230919091914BF43750D
:1095180080F855320A7094F89434012B09D001234D
:10952800206884F8943404F0DBFB002084F8940469
:1095380010BD0220FCE738B51546242401F00F02BF
:10954800544304F515710444C4E99853002384F87E
:109558005422014484F85532C4F86832827900688C
:10956800012A08BFC4F8705204F066FC002038BD18
:1095780001F00F01242303FB0100D0F868027047B3
:1095880038B51546242401F00F02544304F11401A0
:109598000444C4E90853002322750144A36201234B
:1095A8006375827900689A4208BF256304F044FC19
:1095B800002038BD38B501F00F0503790446AB42E9
:1095C8002BD311F0800F4FF024031DD06B430122E1
:1095D80003F11401034401445A7501230D708B7083
:1095E80094F894249A421AD0206884F8943404F0A9
:1095F80034FD2DB904F29C42A179206804F0EEFDF7
:10960800002084F8940438BD4B43002203F51571FB
:109618000344014483F85522DFE70120F3E70220E1
:10962800F1E738B501F00F0203790446934225D3D8
:10963800242311F0800F4FF0000502FB03F314BF41
:1096480003F1140103F51571184419BF0123091911
:109658000919002314BF437580F855328D700A70BC
:1096680094F89434012B0BD00123206884F89434A7
:1096780004F01EFD284684F8945438BD0120FCE708
:109688000220FAE701F00F03242253430A064CBFD5
:1096980003F1140103F515710144006804F076BB69
:1096A8002DE9F04F066889B00446304604F083FD82
:1096B8000390002840F06E81206804F04EFD0028D9
:1096C80000F06881D6F8083806F500652068C3F30D
:1096D8000D23C4F8D43404F040FD8707236803D56C
:1096E8005A6902F002025A61184604F036FDC006B3
:1096F8002DD52268936923F010039361D6F8208052
:1097080008F4F01308F00F07B3F5802F40F04581F7
:1097180047F6F07318EA030F14D02423C8F30A1984
:10972800304603FB07474A46D7F8601204F074FC3A
:10973800D7F860324B44C7F86032D7F868324B44E8
:10974800C7F868322268936943F010039361206870
:1097580004F003FD010300F13381206804F0FDFCEF
:1097680042030CD5274606F5106B4FF0000A206817
:1097780004F0FFFC0490049B002B40F0EB81206870
:1097880004F0EBFC002813DA6B6823F001036B602C
:1097980094F8CC34012B40F084820021204684F8D0
:1097A800CC1400F01BFB2268536903F0004353619B
:1097B800206804F0D2FC03050AD5AB68DF0702D5A0
:1097C800204606F017FC2268536903F400635361CE
:1097D800206804F0C2FC000114D523685A6902F01D
:1097E80000625A6194F8CC24002A40F05E8201217C
:1097F800204684F8CC145B6DC3F38303C4F8D034DB
:1098080000F0ECFA206804F0A8FCC10433D56B68BA
:109818001021206823F001036B6004F013F920790C
:1098280006F510634FF67F31039A904200F24182A9
:10983800EB6943F00113EB61E37B002B00F05882E6
:10984800D5F8843043F00B03C5F884306B6C43F0D3
:109858000B036B64D6F8003804F29C42206823F4AA
:10986800FE63C6F80038A17904F0B8FC2268536991
:1098780003F480535361206804F06FFC820416D50A
:10988800206804F09CFC206804F0E0F92768E07187
:1098980001F056F8E2790146384604F029F82046E6
:1098A80006F097FB2268536903F40053536120685C
:1098B80004F053FC030707D5204606F086FB226810
:1098C800536903F008035361206804F046FC070657
:1098D80000F11982206804F040FCC0020CD5A046B3
:1098E80006F5126901272379BB4200F22582226816
:1098F800536903F480135361206804F02EFC81023D
:109908002BD594F804E0234606F532614FF0010C9C
:10991800E6451DD993F87C720868012F40F0228231
:10992800002880F21F82D4F8D42482EA1040C207AB
:1099380000F1188283F87B72B06940F08000B06152
:109948007069000600F10E826B6843F400736B6067
:109958002268536903F400135361206804F0FDFB87
:10996800410007D5204606F07FFB2268536903F0C3
:1099780080435361206804F0F0FB42070AD523684E
:109988005D686B0702D5204606F072FB22685368B3
:109998002B43536009B0BDE8F08FB3F5402F7FF437
:1099A800D1AE082204F29C413046C8F30A1804F0EC
:1099B80033FB242303FB0747D7F868324344BFE649
:1099C80006F53068A2460027206804F0CAFB049018
:1099D800049B002B3FF4C1AE049BDB0779D55FFAEB
:1099E80087FB2068594604F0CCFB10F0010F814634
:1099F8001FD001232068C8F8083000F5306394F8B8
:109A080006C003EB4713016CBCF1010F9A6840F0E4
:109A18008B8012F0080F07D0B348814209D912048D
:109A280007D54FF4004203E012F0200F5AD020224D
:109A38009A6019F0080F21D00823AB49C8F80830FC
:109A480023681A6C03F530638A4203EB471398685E
:109A580004D9000402D54FF40040986020460592CE
:109A680006F09CFA059AA0498A4207D9A1790129EA
:109A780004D104F29C42206804F0B0FB19F0100FE6
:109A880002D01023C8F8083019F0020F14D07369F7
:109A9800190603D56B6843F480636B609AF85732F4
:109AA800012B06D10023594620468AF8573206F082
:109AB800D3FA0223C8F8083019F0200F02D0202367
:109AC800C8F8083019F4005F03D04FF40053C8F801
:109AD8000830049B013708F120080AF1240A5B08C2
:109AE800049375E7DFF800C2614501D9120498D4E0
:109AF8001A69DAF87432C2F312029B1ACAF8683289
:109B08006FB9D4F864222AB904F29C42012104F006
:109B180065FB04E0D4F860221A44C4F86022594670
:109B2800204606F041FA84E7DFF8C0C1614507D155
:109B380011043FF576AF9206F1D520229A60EEE740
:109B4800002FECD1D4F86432002BE8D104F29C4207
:109B58003946DCE7049BDA0740F19A805FFA8AF31A
:109B680020681946079304F015FB10F0010F804692
:109B780020D001210AF00F026B6B01FA02F223EAEE
:109B880002036B63CBF80810A17901290DD1D7E93D
:109B9800072313443B62BAF1000F06D1636A23B965
:109BA80004F29C42206804F019FB5FFA8AF120460F
:109BB80006F003FA18F0080F02D00823CBF8083093
:109BC80018F0100F02D01023CBF8083018F0400F0F
:109BD80002D04023CBF8083018F0020F10D05146BD
:109BE800304603F02FFFFB7D012B06D100235FFADF
:109BF8008AF12046FB7506F033FA0223CBF80830C9
:109C080018F0800F44D0D7E909329A4240D8A3EB24
:109C18000208FB6921689845059128BF984601F517
:109C2800106308F1030803EB4A134FEA98080693F8
:109C3800069B99697B6A89B2414527D39A420BD31F
:109C4800059B0AF00F000121D3F83428814022EA4D
:109C58000102C3F834281BE0A3EB0209FB69079A49
:109C68009945059828BF9946A37900931FFA89F367
:109C7800396A09F1030804F0CBF83B6ABA6A4FEA7B
:109C880098084B444A443B62BA62D1E79A42D7D219
:109C9800049B0AF1010A24370BF1200B5B0804939B
:109CA80069E5204606F0BEF97DE5204606F0A2F9F2
:109CB800A8E59960203353F8202C22F4001243F8C9
:109CC800202CC3F8E811D3F8E02122F40012C3F8DD
:109CD800E021D3F8E02142F00062C3F8E021039AC2
:109CE80001320392A0E500BF0A30544F0A31544FA5
:109CF8006B6943F4005343F02B036B612B6943F00A
:109D08000B032B61A6E5B369012704F257284FF02E
:109D1800240923F08003B3612379BB427FF6DAADCF
:109D280009FB07F318F80330012B03D1F9B22046D9
:109D3800FFF7A8FC0137EFE798F83C30D9F8002086
:109D4800012B09D1002A07DA67F07F01204688F83D
:109D58003B30C9B2FFF796FC013708F1240809F136
:109D68002009C0E50CF1010C24332031D0E500BFF7
:109D780000681204436A70B519B91343836200205E
:109D880070BD846A4E1E03EB14430024B44205D30D
:109D98003F31134300EB81004360F0E704F14005D5
:109DA800013400EB85056D6803EB1543EEE70368A6
:109DB800002059627047012102680346C0F8D81490
:109DC800002083F8CC04936943F000639361536DDA
:109DD80043F0805343F00303536570477047000016
:109DE80038B5104CE36813F0040FE36805D103F0AD
:109DF8000703181A18BF012038BD23F007031843BA
:109E0800E060FBF7A7FF054663689B0401D50020C7
:109E1800F2E7FBF79FFF401BB0F57A7FF4D90120EA
:109E2800EAE700BF00480258024AD36843F080734B
:109E3800D360704700480258704708B5006C00238B
:109E48008363C36290F84130082B0BD10368022268
:109E5800DA601A6842F400321A601A6842F00202A4
:109E68001A6008BD012380F84130FFF7E5FFF8E7E5
:109E780070477047704770477047704770470000D9
:109E880038B50368044699681A68480734D55503F5
:109E980032D594F84120122A14D1226891684807D3
:109EA80003D42046FFF7E8FF38BDE16AF9B1626ADA
:109EB800127883F82020626A01326262E26A013A0B
:109EC800E262EAE794F84120222AEAD122689168FE
:109ED8004907E6D5A16B51B193F82010226B117098
:109EE800226B01322263A26B013AA263EEE7136888
:109EF80023F480231360D4E78D0768D5900366D5D3
:109F08000222DA601A6822F4E0221A6094F84120EA
:109F1800122A13D11A68510709D51A6822F00402C7
:109F28001A60E36B1A68D36823F00103D360012336
:109F3800204684F84130FFF79EFFB5E794F84120AA
:109F4800222A26D11A6852071DD51A6822F004025F
:109F58001A60E36B1A68D36823F00103D360012306
:109F6800204684F84130FFF785FF9DE7A26B002A61
:109F7800F5D093F82010226B1170226B0132226306
:109F8800A26B013AA2632268926812F47C5FEDD159
:109F9800E5E794F84120022A06D10123204684F8F7
:109FA8004130FFF766FF7FE794F84120082A7FF4E5
:109FB8007BAF5A69204622F040625A61012384F837
:109FC8004130636C002B3AD1FFF752FF6CE70D0765
:109FD80011D510030FD50822DA601A68550206D584
:109FE8001A6822F410221A60012384F841302046AE
:109FF800FFF743FF58E7C80724D5D50322D5012525
:10A00800DD601A6822F470221A60626C42F0020263
:10A0180062641A6850070FD51A68E06B22F00402D0
:10A028001A600E4B8365FFF776F900283FF43CAFC2
:10A03800636C43F004036364204684F84150FFF7DF
:10A04800FBFE31E7C9067FF52FAFD2027FF52CAFB3
:10A0580010222046DA60FFF711FF25E7439E00082B
:10A06800F8B50446002874D00368D8075ED423687E
:10A07800990700F1AD802368DA0627D59C4A136951
:10A08800916A03F03803082B07D0182B40F003819E
:10A0980001F00303012B40F0FE801368DB0502D5B5
:10A0A800E369802B55D1FBF76DFE41F20303216A6A
:10A0B80098428F4B00F2E8805A68202922F0F84233
:10A0C8000CBF42F0804242EA81625A602368190755
:10A0D80000F1238123689A0600F1448123685D0713
:10A0E8001ED5844D2B6843F480732B60FBF732FE3A
:10A0F80006462B68DA0540F15A81A3687C4D012B8E
:10A1080040F05C812B6F43F001032B6741F28837E5
:10A11800FBF720FE764E0546336F9B0740F17481AE
:10A12800616A002940F0778100202BE0704A1369AA
:10A13800916A03F03803102B05D0182B0BD101F0CE
:10A148000303022B07D113689A0390D56368002B89
:10A158008DD1012016E06368654DB3F5803F12D1BB
:10A168002B6843F480332B60FBF7F4FD604E054603
:10A1780033689B033FF57BAFFBF7ECFD401B64287E
:10A18800F6D90320F8BDA3B92B6823F480332B60DC
:10A198002B6823F480232B60FBF7DCFD06462B6835
:10A1A8009F037FF564AFFBF7D5FD801B6428F6D9C4
:10A1B800E7E7B3F5A02F2B6803D143F480232B6086
:10A1C800CEE723F480332B602B6823F48023CAE77F
:10A1D8004749E2680B69886A13F0380303D0182BE3
:10A1E8002AD1800728D10B685B0701D5002AB0D097
:10A1F8003F4D2B6823F0190313432B60FBF7AAFD8F
:10A2080006462B685F0711D5FBF7BCFD41F2030337
:10A21800226998426B6822D823F47C33402A0CBF09
:10A2280043F4003343EA02336B6024E7FBF792FD03
:10A23800801B0228E5D9A4E72D4D2B68A2B123F095
:10A24800190313432B60FBF785FD06462B68580757
:10A25800DAD4FBF77FFD801B0228F7D991E723F0BA
:10A26800FE4343EA0263DFE723F001032B60FBF7B9
:10A2780071FD06462B6859077FF5FDAEFBF76AFDB1
:10A28800801B0228F6D97CE7DA6822F07C5242EA81
:10A298000162DA601AE7E369154D6BB32B6843F086
:10A2A80080032B60FBF756FD06462B68DF0511D5AA
:10A2B800FBF768FD41F20303226A984210D86B68E5
:10A2C800202A23F0F8430CBF43F0804343EA82631B
:10A2D8006B60FBE6FBF73EFD801B0228E5D950E7E3
:10A2E800EB6823F07C5343EA0263EB60EEE600BFC1
:10A2F80000440258004802582B6823F080032B6062
:10A30800FBF728FD06462B68D8057FF5DFAEFBF77F
:10A3180021FD801B0228F6D933E76369A34D83B179
:10A328006B6F43F001036B67FBF714FD06466B6F19
:10A338009B073FF5CFAEFBF70DFD801B0228F6D932
:10A348001FE76B6F23F001036B67FBF703FD0646FE
:10A358006B6F9F077FF5BEAEFBF7FCFC801B0228E6
:10A36800F6D90EE7A369914D83B12B6843F4805366
:10A378002B60FBF7EFFC06462B6898043FF5AEAE62
:10A38800FBF7E8FC801B0228F6D9FAE62B6823F4D1
:10A3980080532B60FBF7DEFC06462B6899047FF59B
:10A3A8009DAEFBF7D7FC801B0228F6D9E9E6FBF740
:10A3B800D1FC801B64287FF69CAEE2E6B3B92B6F14
:10A3C80041F2883723F001032B672B6F23F0040336
:10A3D8002B67FBF7BFFC06462B6F98077FF5A0AEEF
:10A3E800FBF7B8FC801BB842F6D9CAE6052B2B6FE1
:10A3F80003D143F004032B6784E623F001032B67A2
:10A408002B6F23F0040380E6FBF7A4FC401BB84243
:10A418007FF682AEB5E6654D2B6903F03803182B3D
:10A4280078D02B68022923F080732B6065D1FBF765
:10A4380091FC06462B68990159D4AB6AA26A23F4A9
:10A448007C7323F003031343E26A43EA0213AB620B
:10A45800636BA26B013B013A5B0212049BB202F4EC
:10A46800FE021343226B013AC2F308021343E26B64
:10A47800013A120602F0FE4213432B63EB6A23F003
:10A488000103EB626B6BA26C6FF3CF0343EAC20369
:10A498006B63EB6A226C23F00C031343EB62EB6AE9
:10A4A800626C23F002031343EB62EB6A43F48033DC
:10A4B800EB62EB6A43F40033EB62EB6A43F480230C
:10A4C800EB62EB6A43F00103EB622B6843F08073A5
:10A4D8002B60FBF73FFC354D04462B689A013FF58E
:10A4E80023AEFBF737FC001B0228F6D949E6FBF739
:10A4F80031FC801B02289DD943E6FBF72BFC044660
:10A508002B689B017FF510AEFBF724FC001B02288B
:10A51800F6D936E60129AA6A2B6B3FF41AAE02F087
:10A528000301A06A81427FF414AEC2F30512E16A06
:10A538008A427FF40EAE226BC3F30801013A9142BE
:10A548007FF407AE626BC3F34621013A91427FF470
:10A5580000AEA26BC3F30641013A91427FF4F9AD14
:10A56800E26BC3F30663013A93427FF4F2AD6B6B7F
:10A57800A26CC3F3CC039A423FF4D6AD0B4DEB6A01
:10A5880023F00103EB62FBF7E5FB0646FBF7E2FB72
:10A59800B042FBD06B6BA26C6FF3CF0343EAC203EC
:10A5A8006B63EB6A43F00103EB62BDE500440258BC
:10A5B800494B1A6902F03802102A30B500F0888039
:10A5C800182A0CD0002A40F085801A68434812F0F7
:10A5D800200F03D01B68C3F3C103D84030BD996A6C
:10A5E8009D6ADC6A15F47C7FC5F305105A6BF5D0BB
:10A5F800C2F3CC0204F0010401F0030107EE900A53
:10A608006243B7EE006A0129B8EEE77A06EE902AAF
:10A61800FAEEE96A4ED002293ED000294AD11A68DA
:10A62800920627D519682D4AC1F3C1011B6BCA4090
:10A63800C3F3080307EE902AF8EEE75AC5EE877AC7
:10A6480007EE103AB8EEC77A37EE267A37EE067A72
:10A6580067EE877A204B1B6BC3F34623013307EE63
:10A66800103AF8EEC76A87EEA67AFCEEC77A17EEBC
:10A67800900AB3E71B6BC3F3080307EE903AF8EEB2
:10A68800E77A77EEA67A77EE867A9FED156AC6EEB8
:10A69800076A67EEA67ADDE71B6BC3F3080307EECC
:10A6A800903AF8EEE77A77EEA67A77EE867A9FED1B
:10A6B8000D6AECE71B6BC3F3080307EE903AF8EE5C
:10A6C800E77A77EEA67A77EE867A9FED076ADEE775
:10A6D800064883E7064881E7004402580090D00303
:10A6E8000024744C0024744B0024744A0024F400A1
:10A6F80000093D002DE9F0410D46044610B901203E
:10A70800BDE8F081884A136803F00F038B42C0F05C
:10A71800938023685F0700F19B801E070BD5834950
:10A728006069CA6902F07002904204D9CA6922F0CD
:10A7380070020243CA61D8060BD57C49A069CA6970
:10A7480002F4E062904204D9CA6922F4E06202434A
:10A75800CA6199060BD57549E0690A6A02F0700268
:10A76800904204D90A6A22F0700202430A629A07E8
:10A778000BD56E49E0688A6902F00F02904204D94D
:10A788008A6922F00F0202438A61DF076ED42368C8
:10A798009E0700F1A18064490A6802F00F02AA42EC
:10A7A80000F2A880580700F1B18019070BD55F495E
:10A7B8006069CA6902F07002904204D2CA6922F044
:10A7C80070020243CA61DA060BD55849A069CA6902
:10A7D80002F4E062904204D2CA6922F4E0620243C1
:10A7E800CA619B060BD5514AE169136A03F07003ED
:10A7F800994204D2136A23F070030B431362FFF7E4
:10A80800D7FE4A494A4A8B69C3F30323D35C03F052
:10A818001F03D8408B6903F00F03D35C454A03F04C
:10A828001F0320FA03F31360434B1860434BBDE842
:10A83800F0411868FBF72EBA136823F00F030B4397
:10A848001360136803F00F038B427FF458AF60E77F
:10A85800364920698A6902F0700290427FF65DAF3E
:10A868008A6922F0700202438A6156E72F4BA16879
:10A878009A6922F470620A439A6161681A68022927
:10A888001DD112F4003F3FF43AAF1A6941F28838FB
:10A89800264F22F007020A431A61FBF75BFA0646C5
:10A8A8003B69626803F03803B3EBC20F3FF46FAF44
:10A8B800FBF750FA801B4045F2D9032020E7032913
:10A8C80002D112F0007FDEE7012902D112F4807F65
:10A8D800D9E712F0040FD6E71449E0688A6902F054
:10A8E8000F029042BFF457AF8A6922F00F02024369
:10A8F8008A6150E70A6822F00F022A430A600A6850
:10A9080002F00F02AA427FF4FAAE4BE7074920692A
:10A918008A6902F070029042BFF447AF8A6922F058
:10A92800700202438A6140E7002000520044025846
:10A93800146401086400002468000024080000244E
:10A9480008B5FFF735FE0B4A0B4993699269C3F3C3
:10A95800032302F00F02CB5C03F01F0320FA03F37A
:10A96800885C064A00F01F0023FA00F01060044AD1
:10A97800136008BD004402581464010864000024F0
:10A988006800002408B5FFF7DBFF054B054ADB69C3
:10A99800C3F30213D35C03F01F03D84008BD00BF04
:10A9A8000044025814640108F8B5394C06460D46AF
:10A9B800A36A03F00303032B67D0236823F08063A3
:10A9C8002360FBF7C7F9074623681A0149D4A36A2D
:10A9D800326823F47C3343EA0233A362B368F26833
:10A9E800013B013A5B0212049BB202F4FE021343DC
:10A9F8007268013AC2F3080213433269013A120637
:10AA080002F0FE421343A363E36A726923F0C003B2
:10AA18001343E362E36AB26923F020031343E3625A
:10AA2800E36A23F01003E362E36BF2696FF3CF0389
:10AA380043EAC203E363E36A43F01003E362E36AB1
:10AA4800B5B943F40023E362114C236843F08063F3
:10AA58002360FBF77FF9054623681B010FD500200B
:10AA680005E0FBF777F9C01B0228ADD90320F8BD34
:10AA7800012D0CBF43F4801343F40013E3E7FBF705
:10AA880069F9401B0228E7D9F0E70120EFE700BF8A
:10AA980000440258F8B5394C06460D46A36A03F03F
:10AAA8000303032B67D0236823F080532360FBF74D
:10AAB80051F9074623689A0049D4A36A326823F0FB
:10AAC8007C7343EA0253A362B368F268013B013A1C
:10AAD8005B0212049BB202F4FE0213437268013A4D
:10AAE800C2F3080213433269013A120602F0FE4229
:10AAF80013432364E36A726923F440631343E362F4
:10AB0800E36AB26923F400731343E362E36A23F44C
:10AB18008073E362636CF2696FF3CF0343EAC203A5
:10AB28006364E36A43F48073E362E36AB5B943F4A8
:10AB38008003E362114C236843F080532360FBF7E2
:10AB480009F9054623689B000FD5002005E0FBF7AF
:10AB580001F9C01B0228ADD90320F8BD012D0CBF97
:10AB680043F4000343F08073E3E7FBF7F3F8401B7B
:10AB78000228E7D9F0E70120EFE700BF00440258B8
:10AB88002DE9F8430368054618011ED5AB6EB3F5E9
:10AB9800001F2BD00FD8D3B1B3F5801F1DD00126CD
:10ABA8002B68D90551D5AB6D042B4DD8DFE803F0E0
:10ABB800243F46292900B3F5401FF0D1854AA96EE4
:10ABC800136D23F440130B4313650026E8E7814A0D
:10ABD800D36A43F40033D362F0E7022105F1080099
:10ABE800FFF7E2FE06460028DAD1E7E7022105F181
:10ABF8002800FFF74FFFF5E7764AD36A43F400339E
:10AC0800D36234461CBB734AA96D136D23F0070346
:10AC18000B4313652B689A0528D5EB6D802B43D021
:10AC280017D8A3B3402B38D0012634461EE00021A4
:10AC380005F10800FFF7B8FE0446E3E7002105F137
:10AC48002800FFF727FFF7E701263446E2E7264604
:10AC5800E0E7C02B02D0B3F5807FE5D154BB5D4A55
:10AC6800E96D136D23F4E0730B4313652B685B05E3
:10AC780031D5D5F8A830B3F5800F49D01CD8002BB2
:10AC880039D0B3F5001F3CD00126344623E0514AA1
:10AC9800D36A43F40033D362E0E7002105F10800EA
:10ACA800FFF782FE0446D9E7002105F12800FFF7E7
:10ACB800F1FEF7E72646D9E7B3F5C00F02D0B3F5A2
:10ACC800000FE1D154BB434AD5F8A810936D23F483
:10ACD80060030B4393652B681F0530D5D5F8AC305E
:10ACE800B3F1007F45D01BD8B3B3B3F1807F39D01F
:10ACF8000126344623E0374AD36A43F40033D3624B
:10AD0800E0E7002105F10800FFF74EFE0446D9E709
:10AD1800002105F12800FFF7BDFEF7E72646DAE730
:10AD2800B3F1407F02D0B3F1806FE1D13CBB294A37
:10AD3800D5F8AC10936D23F0E0630B4393652B6853
:10AD4800980128D5EB6C202B3BD01AD8DBB1102BFF
:10AD580031D0012634461EE01E4AD36A43F400333C
:10AD6800D362E3E7002105F10800FFF71DFE044662
:10AD7800DCE7002105F12800FFF78CFEF7E72646FF
:10AD8800DDE7302BE5D11CBB124AE96CD36C23F00C
:10AD980030030B43D3642B68D9042CD52B6EB3F541
:10ADA800005F74D018D8002B64D0B3F5805F67D0EB
:10ADB800012634461FE0074AD36A43F40033D362BE
:10ADC800E1E7022105F10800FFF7EEFD0446DAE7A6
:10ADD8002646E0E700440258B3F5405F02D0B3F5D9
:10ADE800804FE5D1002C58D19D4A296E136D23F46C
:10ADF800E0430B4313652B689A040BD56B6EB3F5D0
:10AE0800003F64D04BD8002B51D0B3F5803F57D0CA
:10AE1800012634462B685B040CD5D5F8B030B3F165
:10AE2800005F75D05BD8002B61D0B3F1805F68D02C
:10AE3800012634462B681F0411D52B6FB3F1805FB0
:10AE48006ED0B3F1005F71D0002B76D1002C77D192
:10AE5800834A296F136D23F040530B4313652B6806
:10AE6800D8017DD5AB6C032B00F2BF80DFE803F07F
:10AE78006F6AB66F7A4AD36A43F40033D362B1E794
:10AE8800002105F10800FFF78FFD0446AAE700211D
:10AE980005F12800FFF7FEFDF7E72646ABE723F4A8
:10AEA8008032B2F5802F02D0B3F5403FB0D1A4B9BB
:10AEB8006B4A696E136D23F4E0230B431365A9E70E
:10AEC800012105F10800FFF76FFD0446EFE70121B6
:10AED80005F12800FFF7DEFDF7E726469AE723F09D
:10AEE8008052B2F1804F02D0B3F1405FA0D1ACB92B
:10AEF8005B4AD5F8B010936D23F0E0430B4393659C
:10AF080098E7012105F10800FFF74EFD0446EEE73A
:10AF1800012105F12800FFF7BDFDF7E7264689E77F
:10AF28004F4AD36A43F40033D3628FE7012105F116
:10AF38000800FFF739FD044688E7012634468EE706
:10AF480026468CE7464AD36A43F40033D362002C82
:10AF58004ED1434AA96CD36C23F003030B43D3644B
:10AF68002B6859024ED53F4F3B6843F480733B60D2
:10AF7800FAF7F0FE80463B68DA053BD5002C75D120
:10AF8800374BD5F8B4001A6F424012F4407F0BD00B
:10AF98001A6F196F22F4407241F480311967196FE2
:10AFA80021F4803119671A67B0F5807F42D0D5F84F
:10AFB800B4302B4903F44072B2F5407F4BD1086995
:10AFC800294A20F47C5002EA131202430A61C3F3AF
:10AFD8000B03234A116F0B43136713E0022105F19A
:10AFE8000800FFF7E1FC0446B1E701263446B7E75D
:10AFF8002646B5E7FAF7AEFEA0EB08006428BAD9F2
:10B00800032634462B68D80709D5EB6F102B45D09B
:10B018002ED8002B32D0082B39D0012634462B6885
:10B02800990751D5AB6F052B64D8DFE803F0453F8E
:10B038005D454545FAF78EFEDFF82480074641F264
:10B048008839D8F870309B07B1D4FAF783FEC01B53
:10B058004845F6D9D4E70A6922F47C52B6E700BF1E
:10B068000044025800480258CFFFFF002646C9E7AF
:10B0780023F00802202A01D0182BCED1A4B9204AE7
:10B08800E96F536D23F038030B435365C7E701217C
:10B0980005F10800FFF788FC0446EFE7012105F1F8
:10B0A8002800FFF7F7FCF7E72646B8E7012105F186
:10B0B8000800FFF779FC0446FCB9114AA96F536DE3
:10B0C80023F007030B4353652B685A072BD5D5F894
:10B0D8009430052B00F26E81DFE813F01A0014009B
:10B0E80066011A001A001A00012105F12800FFF76D
:10B0F800D1FCE0E701263446E6E72646E4E700BF50
:10B1080000440258012105F10800FFF74DFC0446F0
:10B11800002C40F05281AA4AD5F89410936D23F080
:10B1280007030B4393652B689B0610D5D5F8903021
:10B13800B3F1005F00F0608100F24481002B00F061
:10B148004A81B3F1805F00F05081012634462B68B4
:10B158005F0610D5D5F89C30B3F5006F00F06E810E
:10B1680000F25281002B00F05881B3F5806F00F097
:10B178005E81012634462B68180610D5D5F8A03014
:10B18800B3F5804F00F07C8100F26081002B00F065
:10B198006681B3F5005F00F06C81012634462B68A8
:10B1A800190714D5D5F88430B3F5805F07D102218B
:10B1B80005F12800FFF76EFC002818BF0126804A19
:10B1C800D5F88410536D23F440530B4353652B6813
:10B1D800DA0614D5D5F89830B3F5807F07D1022167
:10B1E80005F12800FFF756FC002818BF0126744A0D
:10B1F800D5F89810936D23F440730B4393652B682F
:10B208001B031BD5D5F8A410B1F5803F00F0408191
:10B21800B1F5003F07D0002940F0408105F1080052
:10B22800FFF7C2FB0446002C40F03B81644AD5F886
:10B23800A410936D23F440330B4393652B685F038D
:10B248000FD5D5F88830B3F5001F00F03B81B3F572
:10B25800401F00F02D81B3F5801F00F024810126E6
:10B2680034462B68D80309D52B6D002B00F03381A9
:10B27800B3F5803F00F03D81012634462B689900E4
:10B2880007D5022105F12800FFF704FC002818BFA4
:10B298000126D5E900319A0340F14381D5F88000B1
:10B2A800B0F5807F00F03F8100F22C81002800F08B
:10B2B8002F810124DF0206D541486E6F026D22F00E
:10B2C800004232430265DE0007D53D48D5F8B86034
:10B2D800026922F4804232430261980206D5384856
:10B2E800EE6E026D22F08072324302655A0009D573
:10B2F800334A106920F4004010611069D5F8BC6029
:10B3080030431061002B06DA2D486E6DC26C22F0B6
:10B3180040523243C2641F0207D5294AD5F88C002F
:10B32800536D23F4400303435365CE0706D500212C
:10B3380005F10800FFF738FB074600B927466B6898
:10B348009C0706D5012105F10800FFF72DFB0646ED
:10B3580000B93E466B68580706D5022105F108007A
:10B36800FFF722FB044600B934466B68190706D577
:10B37800002105F12800FFF78DFB064600B9264697
:10B388006B68DA0606D5012105F12800FFF782FB74
:10B39800044600B934466B689B0600F1CA80201E3B
:10B3A80018BF0120BDE8F883012105F12800FFF747
:10B3B80071FBACE601263446B5E62646B3E600BF87
:10B3C8000044025823F08052B2F1804F03D0B3F109
:10B3D800405F7FF4BAAEACB95B4AD5F89010536DB4
:10B3E80023F0E0430B435365B1E6002105F1080063
:10B3F800FFF7DAFA0446EEE7022105F12800FFF725
:10B4080049FBF7E72646A2E623F48062B2F5805F9F
:10B4180003D0B3F5406F7FF4ACAEACB94A4AD5F867
:10B428009C10936D23F4E0530B439365A3E600212E
:10B4380005F10800FFF7B8FA0446EEE7022105F126
:10B448002800FFF727FBF7E7264694E623F4005287
:10B45800B2F5004F03D0B3F5C04F7FF49EAEACB940
:10B46800394AD5F8A010936D23F460430B439365D4
:10B4780095E6002105F10800FFF796FA0446EEE785
:10B48800022105F12800FFF705FBF7E7264686E6C7
:10B49800022105F12800FFF7FDFAC3E6012634462C
:10B4A800CCE62646CAE6284AD36A43F40033D36278
:10B4B8007CB9254AD5F88810536D23F440130B4303
:10B4C8005365CEE6012105F12800FFF7E3FA0446AB
:10B4D800EEE72646C5E61C4AD36A43F40033D36236
:10B4E80074B9194A296DD36C23F480330B43D364A0
:10B4F800C4E6022105F10800FFF756FA0446EFE713
:10B508002646BBE620F48072B2F5007F7FF4D1AE08
:10B51800002C7FF4CFAE0C4C626D22F440720243D3
:10B5280062653446C6E6084FFA6A42F40032FA62A7
:10B53800EEE7022105F12800FFF7ACFA00283FF4F6
:10B548002EAF01202EE700BF0044025808B5FFF7D0
:10B55800F7F9054B054A1B6AC3F30213D35C03F0E2
:10B568001F03D84008BD00BF0044025814640108F6
:10B578004F4970B58C6A8E6ACD6A16F47C3FC6F363
:10B588000533CA6B00F0908007EE903AC2F3CC0303
:10B59800C5F3001204F00304B8EEE77A5343012C14
:10B5A800B7EE006A06EE903AFAEEE96A6ED0022C1F
:10B5B8005ED0002C6AD10B689B0647D50A688B6B56
:10B5C800C2F3C1013B4AC3F30803CA4007EE902AFD
:10B5D800F8EEE75AC5EE877A07EE103AB8EEC77A62
:10B5E80037EE267A37EE067A67EE877A304A936B1B
:10B5F800C3F3462307EE103AB8EEC77A37EE067A59
:10B60800C7EE876AFCEEE66AC0ED006A936BC3F387
:10B61800064307EE103AB8EEC77A37EE067AC7EE59
:10B62800876AFCEEE66AC0ED016A936BC3F30663B2
:10B6380006EE903AF8EEE66A76EE866A87EEA67A25
:10B64800FCEEC77A17EE903A836070BD8B6BDFED26
:10B658001A5AC3F3080307EE903AF8EEE77A77EE42
:10B66800A67A77EE867AC5EE876A67EEA67ABDE790
:10B678008B6BDFED125AC3F3080307EE903AF8EE2E
:10B68800E77A77EEA67A77EE867AECE78B6BDFEDD2
:10B698000C5AC3F3080307EE903AF8EEE77A77EE10
:10B6A800A67A77EE867ADEE7C0E90033CCE700BFFA
:10B6B800004402580090D0030024744C0024744BBA
:10B6C8000024744A4F4970B58C6A8E6ACD6A16F0A8
:10B6D8007C7FC6F305534A6C00F0908007EE903AE1
:10B6E800C2F3CC03C5F3002204F00304B8EEE77AF2
:10B6F8005343012CB7EE006A06EE903AFAEEE96A77
:10B708006ED0022C5ED0002C6AD10B689B0647D500
:10B718000A680B6CC2F3C1013B4AC3F30803CA4071
:10B7280007EE902AF8EEE75AC5EE877A07EE103A48
:10B73800B8EEC77A37EE267A37EE067A67EE877A5A
:10B74800304A136CC3F3462307EE103AB8EEC77AB3
:10B7580037EE067AC7EE876AFCEEE66AC0ED006A45
:10B76800136CC3F3064307EE103AB8EEC77A37EE08
:10B77800067AC7EE876AFCEEE66AC0ED016A136CCA
:10B78800C3F3066306EE903AF8EEE66A76EE866A4A
:10B7980087EEA67AFCEEC77A17EE903A836070BD02
:10B7A8000B6CDFED1A5AC3F3080307EE903AF8EE74
:10B7B800E77A77EEA67A77EE867AC5EE876A67EE3D
:10B7C800A67ABDE70B6CDFED125AC3F3080307EE48
:10B7D800903AF8EEE77A77EEA67A77EE867AECE793
:10B7E8000B6CDFED0C5AC3F3080307EE903AF8EE42
:10B7F800E77A77EEA67A77EE867ADEE7C0E9003355
:10B80800CCE700BF004402580090D0030024744CD9
:10B818000024744B0024744A4F4970B58C6A8E6AB0
:10B82800CD6A16F47C7FC6F305134A6B00F090804E
:10B8380007EE903AC2F3CC0305F0010204F00304CA
:10B84800B8EEE77A5343012CB7EE006A06EE903A59
:10B85800FAEEE96A4ED0022C5ED0002C6AD10B6851
:10B868009B0667D50A680B6BC2F3C1013B4AC3F359
:10B878000803CA4007EE902AF8EEE75AC5EE877A21
:10B8880007EE103AB8EEC77A37EE267A37EE067A20
:10B8980067EE877A304A136BC3F3462307EE103AF4
:10B8A800B8EEC77A37EE067AC7EE876AFCEEE66A24
:10B8B800C0ED006A136BC3F3064307EE103AB8EE07
:10B8C800C77A37EE067AC7EE876AFCEEE66AC0EDFD
:10B8D800016A136BC3F3066306EE903AF8EEE66A64
:10B8E80076EE866A87EEA67AFCEEC77A17EE903A6D
:10B8F800836070BD0B6BDFED1A5AC3F3080307EEC4
:10B90800903AF8EEE77A77EEA67A77EE867AC5EE81
:10B91800876A67EEA67ABDE70B6BDFED125AC3F3B1
:10B92800080307EE903AF8EEE77A77EEA67A77EE14
:10B93800867AECE70B6BDFED0C5AC3F3080307EECE
:10B94800903AF8EEE77A77EEA67A77EE867ADEE72F
:10B95800C0E90033CCE700BF004402580090D00390
:10B968000024744A0024744B0024744C1FB5A0F5BD
:10B9780080730B4319D19E4B1A6D02F00702042AFB
:10B9880031D8DFE812F02000D40005005D01450041
:10B99800186810F0005005D0002301A80193FFF7A4
:10B9A80091FE019805B05DF804FBA0F500730B4308
:10B9B8001BD18F4B1A6D02F4E072802AE8D00CD8A4
:10B9C800002A40F0B480186810F00070EAD0002314
:10B9D80001A80293FFF720FFFAE0C02A00F03081A7
:10B9E800B2F5807F14D00020DCE7A0F580630B431C
:10B9F8002DD17F4B9A6D02F46002B2F5800FC7D04B
:10BA0800DED9B2F5C00F00F01B81B2F5000FE9E7EF
:10BA1800DA6C196802F04052480706D52AB91B6843
:10BA2800C3F3C1037348D840BCE7714B1968C90513
:10BA380003D5B2F1805F00F00581186810F400307A
:10BA4800B0D0B2F1005F6C4818BF0020AAE7A0F59B
:10BA580000630B431FD1664B9A6D02F0E062B2F1AE
:10BA6800007F95D0ACD9B2F1407F00F0E980B2F107
:10BA7800806FB8D1DA6C196802F040521B68480729
:10BA880001D5002ACCD0D90503D5B2F1805F00F0EA
:10BA9800D980574BD1E7A0F580530B430FD1544BB6
:10BAA8001A6D02F4E042B2F5005F3FF471AF87D936
:10BAB800B2F5405F00F0C480B2F5804FD9E7A0F539
:10BAC80000530B4322D14A4A136D03F4E023B3F524
:10BAD800403F7FD00ED8B3F5803F00F0A680B3F585
:10BAE800003F6BD0002B7FF47EAF05B05DF804EB10
:10BAF800FEF748BFB3F5802F73D0B3F5A02F7FF4BE
:10BB080072AF10683C4B10F400306EE0A0F50023D3
:10BB18000B4321D1364B9A6D02F44032B2F5803F87
:10BB280010D0B2F5003FA5D0002A7FF45CAF1868AA
:10BB380010F000603FF436AF002301A80193FFF72F
:10BB480017FD2EE7186810F000503FF42BAF01A83E
:10BB5800FFF7B8FD039825E7A0F580330B430DD117
:10BB6800234BDA6C1868D3037FF52EAF10F0006012
:10BB78003FF418AF01A8FFF7FBFCEBE7A0F5804303
:10BB88000B433DD11A4A936D03F0E043B3F1405F94
:10BB980020D00DD8B3F1805F47D0B3F1005F0DD04E
:10BBA800002B7FF420AF05B05DF804EBFFF7CEBCA7
:10BBB800B3F1804F15D0B3F1A04FA0E7106810F093
:10BBC80000503FF4EFAE002301A80293FFF77AFD7F
:10BBD8000298E7E6106810F004003FF4E3AE13683B
:10BBE8001EE71068054B10F4807018BF1846D9E698
:10BBF800004402580090D0030024F40000093D00DE
:10BC0800A0F5004008437FF4EEAE0F4A136D03F031
:10BC18004053B3F1805F06D0B3F1005F05D0002B2D
:10BC28007FF4E1AE6DE71068CEE6106810F00060B2
:10BC38003FF4B8AE002301A80293FFF799FCC7E7C9
:10BC48000248AFE60248ADE6004402580080BB0057
:10BC580000093D000129416C42680CBF09230123FA
:10BC6800082905D122F00201012908BF43F0100379
:10BC7800023A012A94BF43F0600043F00400704781
:10BC88000E4B01461A6841F6583310B5B2FBF3F271
:10BC980004689200236823F4803323603AB9D1F80A
:10BCA8009430032043F04003C1F8943010BD20685D
:10BCB800013A10F48030F1D1F8E700BF68000024A1
:10BCC8002DE9F843044618B901273846BDE8F8833A
:10BCD800FAF758F894F838202368012ADFF8F48234
:10BCE8000AD1434502D0B04A9342EDD16268012A95
:10BCF800EAD1626C002AE7D1434518D0AB4A934297
:10BD080015D002F57872934237D02032934234D05E
:10BD180002F57872934232D0203293422FD0A24A51
:10BD2800934202D020329342CED1A14D00E0A14DE2
:10BD380094F8913003F0FF0223B9204684F890204C
:10BD4800F7F7FCFE2046FFF79BFF07460028BBD10C
:10BD5800022384F89130E368012B12D09A1E5342D3
:10BD680053415B01A268013A042A0CD8DFE812F0BB
:10BD780016010D010B01100113018F4DD8E78F4DEE
:10BD8800D6E71023EEE700262B60236A002B57D056
:10BD98002368434503D0854A934240F002814FF41B
:10BDA80080700021FFF7E2FD2368854A934202D0A4
:10BDB8002032934204D14FF400700021FFF7D6FDE2
:10BDC8002368804A934202D02032934204D14FF430
:10BDD80000700021FFF7CAFD2268734B9A4204D114
:10BDE8004FF480600021FFF7C1FD2268764B9A422C
:10BDF80004D14FF400600021FFF7B8FDA369626C1D
:10BE0800B3F5002FD4F820C040F0EB80042A00F0EE
:10BE1800E380082A00F0E280636D0A210CFB03F33B
:10BE28004143B1FBF3F00A21B0FBF1F301FB13002E
:10BE3800092808BF0133042A636204BF5B086362F0
:10BE48006268236D32F0020240F0DA80B3F1010932
:10BE580018BF4FF00109F9F795FF636A8446616CD2
:10BE68001805BCF5005F4FEA4929D4E9003242EAD7
:10BE78000102A16CD3F800C042EA0102E16C42EA77
:10BE88000102E16A42EA0102616941EA0201A2692A
:10BE980041EA0201A26A41EA0201C0F0B7804B4AB6
:10BEA8000CEA02021A601A681043226902434345E9
:10BEB80042EA010242EA060242EA09021A605A68A4
:10BEC800206B22F4604222F00F025A60E26959683E
:10BED80042EA0002606B42EA0002E06D42EA0102B7
:10BEE8005A603B4A996802EA01029A60626E996850
:10BEF80042EA0002206E42EA000242EA0102616D53
:10BF080001F1FF3142EA0102A16D01F1FF3142EA7C
:10BF180001229A60DA6822F47D6222F00F024FEA69
:10BF280002424FEA1242DA60D968D4E91A2042EA9A
:10BF3800000242EA0102616F42EA0142216F01F107
:10BF4800FF3142EA0122DA6002D0174A934211D146
:10BF58006B6C23F001036B6494F83830012B09D122
:10BF6800E36B5A1E236C43EA02136B646B6C43F059
:10BF780001036B6400230122C4F8943084F89030E4
:10BF880084F89120A1E643F001034FF40066FBE634
:10BF980043F00203F9E743F00303F6E74FF4806642
:10BFA800F2E6002000E700BF04540058245801407E
:10BFB8000054005800580140005C014000600140F6
:10BFC800045C0140046001402454005810C005F08E
:10BFD8000080F8FF0458014040231EE74FF48073A7
:10BFE8001BE7A36A0A21B3F1806F01FB00F014BFBD
:10BFF800012302230CFB03F31B02B0FBF3F012E74F
:10C00800013BD3F1000949EB030924E7024A0CEA92
:10C0180002021A601A6849E710C005F8022970B4CC
:10C0280005D9CC1E012C58D9012070BC7047446832
:10C038000025036724F002044564C564641B856613
:10C0480018BF012404654FF48034C4654FF6FF74AB
:10C05800446713F00104E7D1D9B94FF4802401668D
:10C068004466032AE0D8DFE802F002181D2D5B08B9
:10C0780040245D011B0180260229C4668664C0E94C
:10C08800155303D1012A26D11023836670BCFFF70C
:10C0980017BE4FF400350566E2E75B0880249D0172
:10C0A8005B01E8E7C0225B08022982644FEA831239
:10C0B8004FEA4313426583654FF08003C366E5D1B9
:10C0C8000823E2E7E0225B0882649A015B0142658B
:10C0D8008365802328E0022AF1E7446804294FF4A5
:10C0E80000364FF0000524F0020414BF0D21012191
:10C0F8004564B4FA84F4C564C56564098566036754
:10C1080004654FF480248165C0E918644FF6FF7414
:10C118004467032A88D8DFE802F002090F141B01DC
:10C128008022436540238264C366AFE780225B01B7
:10C1380082644365C266A9E7C0225B0182644365E5
:10C14800C7E7E022F9E700002DE9F0410E46044672
:10C158001546F9F7FFFD074656B34DB394F89130ED
:10C16800012BDAB254D194F89030012B50D04FF013
:10C1780000081223D4F880003146C4F8948084F86B
:10C188009130244B84F89020A4F87C50A4F87E5079
:10C19800A6670364204B2268C363204B1C32C0E9A6
:10C1A80013382B46FBF746F9054628B184F89080EA
:10C1B80001252846BDE8F08101462046FFF74AFDE3
:10C1C80023681A6902431A611A6842F400321A6035
:10C1D80023685E6916F4E0260AD01A68D20303D4ED
:10C1E8001A6842F480321A60002384F89030E0E73D
:10C1F800F9F7B0FDC01BB0F57A7FE9D9D4F89430CF
:10C20800032584F8906043F04003C4F89430D0E7E5
:10C218000225CEE705C30008CBC2000853C30008B7
:10C2280013460A4670B5044639B333B390F89110F3
:10C238000129C8B23BD194F89010012937D00026C3
:10C24800222184F89000C4F89460D4F8840084F81B
:10C2580091101849A267A4F87C30A4F87E300164D4
:10C268001549C1631549C0E9131621681C31FBF74C
:10C27800E1F8054620B184F890600125284670BD94
:10C2880001462046FFF7E6FC23681A6902431A6153
:10C298001A6842F400321A601A68D20303D41A6882
:10C2A80042F480321A60002384F89030E6E70225D1
:10C2B800E4E700BF47C300080FC3000853C30008E2
:10C2C800704738B5C369846BB3F5807F11D0256892
:10C2D800002120462B68A4F87E1023F400332B603D
:10C2E800FFF7B8FC2B6923EA00032B61012384F8CC
:10C2F80091302046FFF7E4FF38BD7047806B08B5E2
:10C30800FFF7FBFF08BD38B5C369846BB3F5807FC1
:10C3180011D02568002120462B6823F400332B60B8
:10C32800A4F87E10FFF796FC2B6923EA00032B6123
:10C33800012384F891302046F7F7D2FC38BD806B92
:10C3480008B5F7F7ABFC08BD704710B5846BFBF771
:10C35800D4FC022816D0D4F894302046226843F042
:10C368008003C4F89430136823F400331360FFF794
:10C3780087FC0123204684F891300023A4F87E30FE
:10C38800FFF7E2FF10BD000038B50D460446F0B1D6
:10C3980090F82C3003F0FF021BB980F82D20F7F736
:10C3A80065FD0223211D206884F82C3001F0A8F9CE
:10C3B80062682946206801F0D9F9064A0020136806
:10C3C80043F000431360012384F82C3038BD01206A
:10C3D800FCE700BF0040005270B590F82C300546CD
:10C3E8000E46022BD8B210D000F0FB04012C10D15D
:10C3F8000223286885F82C3001F0EEF93368022B07
:10C4080004D1052385F82C30002070BD85F82C4018
:10C41800FAE70120F9E738B590F82C300446022BEA
:10C42800D8B20DD094F82C30012BDDB209D10223FB
:10C43800206884F82C3001F0E1F9002084F82C50B1
:10C4480038BD0120FCE770477047036870B5DD68A8
:10C4580004461E69B2070DD5A9070BD56FF0020275
:10C468001A61012202779B699A0775D001F017F9C2
:10C4780000232377730710D568070ED523686FF05C
:10C48800040220461A61022222779B6913F4407F36
:10C4980068D001F004F90023237731070FD52A0764
:10C4A8000DD523686FF0080220461A61042222770E
:10C4B800DB699B075CD001F0F2F800232377F106D3
:10C4C80010D5EA060ED523686FF0100220461A61CF
:10C4D80008222277DB6913F4407F4FD001F0DFF8A0
:10C4E80000232377F30708D5E80706D523686FF0FC
:10C4F800010220461A6101F0AFF816F4025F08D075
:10C50800290606D523686FF4025220461A6100F006
:10C51800C2F8F20508D52B0606D523686FF4807299
:10C5280020461A6100F0B8F8700608D5690606D5E5
:10C5380023686FF0400220461A61FFF785FFB206B4
:10C5480022D5AB0620D523686FF0200220461A6159
:10C55800BDE8704000F09EB801F09FF82046FFF754
:10C5680072FF85E701F099F82046FFF76CFF92E724
:10C5780001F093F82046FFF766FF9EE701F08DF87B
:10C588002046FFF760FFABE770BD0000274A03684D
:10C59800904212D0B0F1804F0FD0A2F57C42904269
:10C5A8000BD002F58062904207D002F5806290427B
:10C5B80003D002F57842904208D123F070034A680C
:10C5C800134323F44073CA6813430AE0184A90429D
:10C5D800F7D002F580629042F3D002F58062904273
:10C5E800EFD04A6923F0800313438A68C2620A685D
:10C5F80082620E4A90420FD002F5806290420BD0C0
:10C6080002F57052904207D002F58062904203D042
:10C6180002F58062904201D10A690263026842F021
:10C628000402026001224261036070470000014079
:10C638000040014010B5044650B390F83D3003F077
:10C64800FF021BB980F83C2002F0DEFD02232068BF
:10C65800211D84F83D30FFF799FF0123002084F85D
:10C66800483084F83E3084F83F3084F8403084F80D
:10C67800413084F8423084F8433084F8443084F8F8
:10C68800453084F8463084F8473084F83D3010BD92
:10C698000120FCE7704770477047000010B502683A
:10C6A80052E8003F23F4907342E800310268002901
:10C6B800F5D10F4C02F1080353E8003F234002F183
:10C6C800080C4CE800310029F4D1C36E012B07D1C6
:10C6D80052E8003F23F0100342E800310029F7D167
:10C6E8002023C0F88C300023C366436710BD00BF09
:10C6F800FEFFFFEF026852E8003F23F0800342E8A4
:10C70800003102680029F5D152E8003F43F04003A8
:10C7180042E800310029F7D17047D0F88820034655
:10C72800212A11D1B0F8562092B20AB9FFF7E2BF18
:10C73800026D016812F8010B88621A65B3F8562079
:10C74800013A92B2A3F856207047D0F888200346E1
:10C75800212A13D1B0F8562092B20AB9FFF7CABFFE
:10C768001A6D006832F8021BC1F3080181621A656C
:10C77800B3F85620013A92B2A3F856207047D0F881
:10C788008830212B10B51BD1B0F86A20C2B1B0F89F
:10C798005610036889B2A1B903F1080252E8002FC4
:10C7A80022F4000203F1080040E800210029F3D137
:10C7B80053E8002F42F0400243E800210029F7D156
:10C7C80010BDD96909060AD5016D11F8014B9C62A3
:10C7D800B0F856300165013B9BB2A0F85630013ADB
:10C7E80092B2D3E7D0F88830212B10B51BD1B0F81E
:10C7F8006A20C2B1B0F85610036889B2A1B903F132
:10C80800080252E8002F22F4000203F1080040E871
:10C8180000210029F3D153E8002F42F0400243E8F9
:10C8280000210029F7D110BDD96909060CD5016D81
:10C8380031F8024BC4F308049C62B0F85630016525
:10C84800013B9BB2A0F85630013A92B2D1E7000002
:10C85800D0F88830202B10B543D1002943D0002AC6
:10C8680041D0A0F856200023A0F85420426EC0F80A
:10C8780090302123B2F1005F0165C0F8883002686A
:10C88800836819D1B3F5805F14D10469174B18492F
:10C89800002C18BF0B46836702F1080353E8003FDA
:10C8A80043F4000302F1080040E800310029F3D105
:10C8B800002010BD0E4BEEE7B3F5805F0FD1046981
:10C8C8000C4B0D49002C18BF0B46836752E8003FFC
:10C8D80043F0800342E800310029F7D1E8E7064B2E
:10C8E800F3E70220E5E70120E3E700BFEDC7000812
:10C8F80087C7000853C7000823C7000808B5806B1E
:10C908000023A0F85E3002F015FD08BD7047000056
:10C9180003682DE9F041D96940F60F061A68044604
:10C9280031429D6810D18E0640F1978002F02006B2
:10C9380005F080573E4300F09080436F002B00F0D5
:10C948008580BDE8F0411847A64EA7482E40104004
:10C95800304300F08280CF0709D5D00507D50120E4
:10C968001862D4F8900040F00100C4F890008F07D6
:10C9780009D5E80707D502201862D4F8900040F0DE
:10C988000400C4F890004F0709D5E80707D504202C
:10C998001862D4F8900040F00200C4F890000F0725
:10C9A8000BD502F02000304307D008201862D4F8D5
:10C9B800900040F00800C4F890000E050AD5500118
:10C9C80008D54FF400601862D4F8903043F0200383
:10C9D800C4F89030D4F89030002B37D08B0609D5A6
:10C9E80002F0200205F080552A4303D0636F0BB193
:10C9F8002046984726682046D4F89020B36802F06D
:10CA0800280203F0400353EA020521D0FFF746FE4F
:10CA1800B3685F0617D5226802F1080353E8003FA0
:10CA280023F04003083242E800310029F3D1D4F85A
:10CA3800800040B16D4B0365FAF7FCFE30B1D4F8C5
:10CA48008000036D7DE7204602F074FCBDE8F081AC
:10CA580002F070FCC4F89050F8E7E06E012840F04E
:10CA6800B580CE0640F1B280D00640F1AF801022EA
:10CA7800B4F85C001A629A68520677D5D4F88050E8
:10CA88005B492A688A421ED018318A421BD0183165
:10CA98008A4218D018318A4215D018318A4212D0E9
:10CAA80018318A420FD018318A420CD018318A4284
:10CAB80009D001F556718A4205D018318A4202D050
:10CAC80018318A42FFD0516889B2002943D0814287
:10CAD80041D2EA69A4F85E10B2F5807F2FD053E8FE
:10CAE800002F22F4807243E800210029F7D103F1D6
:10CAF800080252E8002F22F0010203F1080040E882
:10CB080000210029F3D103F1080252E8002F22F096
:10CB1800400203F1080040E800210029F3D1202257
:10CB2800C4F88C20E16653E8002F22F0100243E895
:10CB380000210029F7D1D4F88000FAF767FD022315
:10CB4800B4F85C102367B4F85E30C91A89B220467D
:10CB5800FFF7DCFE7AE781427FF478AFEB69B3F543
:10CB6800807F7FF473AF02232367F0E7B4F85E2079
:10CB7800B4F85E1092B289B200293FF467AF801A08
:10CB880081B200293FF462AF53E8002F22F490727B
:10CB980043E800200028F7D1164D03F1080252E8B7
:10CBA800002F2A4003F1080646E800200028F4D1A7
:10CBB80020226067C4F88C20E06653E8002F22F03A
:10CBC800100243E800200028F7D1CCE7CF0213D5A4
:10CBD8006E0211D54FF4801220461A62BDE8F0416A
:10CBE80002F03CBC010000102001000405C9000847
:10CBF80010000240FEFFFFEF08060BD502F0800090
:10CC080005F40005284305D0A36F002B3FF41EAFA1
:10CC1800204696E64F0611D556060FD553E8002F45
:10CC280022F0400243E800210029F7D120232046C2
:10CC3800A167C4F8883002F079FB07E70D0206D532
:10CC4800500004D52046BDE8F04100F06EBBCB0192
:10CC58007FF5FCAE002ABFF6F9AE2046BDE8F041EC
:10CC680000F062BBD0F88C20222A08B5036857D19F
:10CC78005B6AB0F86010826D0B401370836D0133EE
:10CC88008365B0F85E30013B9BB2A0F85E30B0F827
:10CC98005E309BB2002B42D1026852E8003F23F479
:10CCA800907342E8003103680029F5D103F10802C6
:10CCB80052E8002F22F0010203F1080C4CE8002191
:10CCC8000029F3D120224167C0F88C20174A016758
:10CCD800934205D1C26E012A0ED002F023FB1EE05A
:10CCE8005A681102F6D553E8002F22F0806243E813
:10CCF80000210029F7D1EDE70022C26653E8002F92
:10CD080022F0100243E800210029F7D1DA69D2069F
:10CD180001D510221A62B0F85C10FFF7F7FD08BDC4
:10CD28009A6942F008029A61F9E700BF000C0058BE
:10CD3800D0F88C20222A08B5036854D1596AB0F873
:10CD480060201140826D22F8021B8265B0F85E20D7
:10CD5800013A92B2A0F85E20B0F85E2092B2002AA2
:10CD680040D153E8002F22F4907243E800210029B3
:10CD7800F7D103F1080252E8002F22F0010203F173
:10CD8800080C4CE800210029F3D120224167C0F8A3
:10CD98008C20174A0167934205D1C26E012A0ED032
:10CDA80002F0C0FA1EE05A681102F6D553E8002FC7
:10CDB80022F0806243E800210029F7D1EDE7002244
:10CDC800C26653E8002F22F0100243E80021002930
:10CDD800F7D1DA69D20601D510221A62B0F85C10D0
:10CDE800FFF794FD08BD9A6942F008029A61F9E7D5
:10CDF800000C005803682DE9F047DD690446D3F8B4
:10CE080000809E68D0F88C20222A40F0B780B0F8C5
:10CE18006830002B00F08D80B0F860704FF000098A
:10CE280006F001064FF0040AAB0640F18280236841
:10CE3800A26D5B6A3B401370A36D0133A365B4F820
:10CE48005E30013B9BB2A4F85E302368DD69680759
:10CE58002AD0E9070AD518F4807F07D001221A6280
:10CE6800D4F8902042F00102C4F89020AA0708D50F
:10CE78003EB102221A62D4F8902042F00402C4F8AB
:10CE88009020680708D53EB1C3F820A0D4F89030A8
:10CE980043F00203C4F89030D4F8903023B1204610
:10CEA80002F048FAC4F89090B4F85E309BB2002BB8
:10CEB800BAD1226852E8003F23F4807342E8003177
:10CEC80023680029F5D1304803F1080252E8002F01
:10CED800024003F1080545E800210029F4D1202289
:10CEE8006167C4F88C20294A216793420AD05A689E
:10CEF800110207D553E8002F22F0806243E8002191
:10CF08000029F7D1E26E012A34D10022E26653E803
:10CF1800002F22F0100243E800210029F7D1DA6936
:10CF2800D20601D510221A62B4F85C102046FFF729
:10CF3800EDFCB4F85E309BB2D3B1B4F868209A42E5
:10CF480016D9226802F1080353E8003F23F0805302
:10CF5800083242E8003122680029F2D10C4B63679D
:10CF680052E8003F43F0200342E800310029F7D19E
:10CF7800BDE8F087204602F0D5F9DAE79A6942F071
:10CF880008029A61F4E700BFFEFFFFEF000C0058AB
:10CF98006DCC000803682DE9F047DD690446D3F835
:10CFA80000809E68D0F88C20222A40F0B480B0F827
:10CFB8006830002B00F08A80B0F860704FF00009EC
:10CFC80006F001064FF0040AAB067FD52368A26D70
:10CFD800596A394022F8021BA265B4F85E20013A6A
:10CFE80092B2A4F85E20DD6968072AD0E9070AD55D
:10CFF80018F4807F07D001221A62D4F8902042F0FA
:10D008000102C4F89020AA0708D53EB102221A628C
:10D01800D4F8902042F00402C4F89020680708D59C
:10D028003EB1C3F820A0D4F8903043F00203C4F80E
:10D038009030D4F8903023B1204602F07BF9C4F840
:10D048009090B4F85E309BB2002BBDD1226852E8B4
:10D05800003F23F4807342E8003123680029F5D1AA
:10D068002F4803F1080252E8002F024003F1080597
:10D0780045E800210029F4D120226167C4F88C20FA
:10D08800284A216793420AD05A68110207D553E803
:10D09800002F22F0806243E800210029F7D1E26ED8
:10D0A800012A34D10022E26653E8002F22F0100250
:10D0B80043E800210029F7D1DA69D20601D5102208
:10D0C8001A62B4F85C102046FFF720FCB4F85E3012
:10D0D8009BB2D3B1B4F868209A4216D9226802F1FB
:10D0E800080353E8003F23F08053083242E8003138
:10D0F80022680029F2D10C4B636752E8003F43F0E5
:10D10800200342E800310029F7D1BDE8F087204626
:10D1180002F008F9DAE79A6942F008029A61F4E73E
:10D12800FEFFFFEF000C005839CD000810B590F84D
:10D138008430012B1ED0012380F884302423C0F8CA
:10D148008830026852E8003F23F00C0342E80034BC
:10D158000168002CF5D151E8002F42F0080241E89F
:10D168000023002BF7D1202280F88430C0F88820D3
:10D17800184610BD0220FCE710B590F88430012B4A
:10D188001ED0012380F884302423C0F88830026838
:10D1980052E8003F23F00C0342E800340168002CF9
:10D1A800F5D151E8002F42F0040241E80023002B9A
:10D1B800F7D1202280F88430C0F88820184610BDA6
:10D1C8000220FCE7D0F88820D0F88C001043704784
:10D1D80030B5816500238168A0F85C20B1F5805FD7
:10D1E800A0F85E20436731D10369002B40F2FF139A
:10D1F80018BFFF23A0F860300023C0F89030222326
:10D20800C0F88C30016801F1080353E8003F43F08F
:10D218000103083141E800340368002CF2D1456E5F
:10D228008468B5F1005F016935D1B0F8685095425E
:10D2380031D8B4F5805F29D1C1B1264A426753E895
:10D24800002F42F4807243E8002121E029B90369E4
:10D25800002B0CBFFF237F23CCE7B1F1805FC9D13E
:10D268000369002B0CBF7F233F23C3E71A4A426799
:10D2780003F1080252E8002F42F0805203F108003F
:10D2880040E800210029F3D1002030BD114A42674F
:10D298000029D4D1ECE7B4F5805F16D151B10F4A1B
:10D2A800426753E8002F42F4907243E800210029B6
:10D2B800F7D1E9E70A4A426753E8002F42F0200213
:10D2C80043E800210029F7D1DEE7044A4267002934
:10D2D800E7D1F1E7FDCD00089DCF00086DCC00082F
:10D2E80039CD000838B5D0F88C30202B16D1B9B11B
:10D2F800B2B100230468C3660A4B9C420AD0636833
:10D308001B0207D554E8003F43F0806344E800352A
:10D31800002DF7D1FFF75CFF002038BD0220FCE7A5
:10D328000120FAE7000C005870477047836810B571
:10D3380004462BB10322014698470023C4E902336F
:10D3480010BD0000294A0346904233D0B0F1804F07
:10D3580032D0A2F57C42904230D002F580629042F1
:10D368002ED002F5806290422CD002F58062904265
:10D378002AD002F58062904228D002F5704290428D
:10D3880026D04FF6FF701A4A934223D0194A934287
:10D3980022D0194A934221D0184A934220D0184AE1
:10D3A80093421FD0174A93421ED04FF6FF739842FC
:10D3B8001BD1FEE70020E6E70120E7E70220E8E7C7
:10D3C8000320E9E70420EAE70520EBE70620ECE77D
:10D3D8000720704708207047092070470A207047C7
:10D3E8000B2070470C2070470D207047000001404B
:10D3F80000180040001C0040002000400040014090
:10D408000044014000480140014670B5044651F807
:10D41800100FFFF797FF0546084604F1640601F070
:10D4280089FD0023074A42F8253004F1B405E3607A
:10D43800B54204D0103D2846F6F787FEF8E72046A7
:10D4480070BD00BFC4150424F8B504460846FFF7AC
:10D4580079FF236903B1FEE704F10C021A4D04F1C8
:10D46800100604F1B40745F820200E2204F16405E3
:10D478003046216184F82C30A36484F84C3084F859
:10D488004D30E460C4E90C33C4E90E33C4E9103309
:10D49800C4E9172301F048FC28461035FFF746FF7A
:10D4A800BD42F9D100234FF6FF723046A360636195
:10D4B800C4E90033C4E90632C4E908338023A3620F
:10D4C800BDE8F840FFF7B6B8C4150424034B186844
:10D4D80010B10430FEF7B9BF704700BFC41504246B
:10D4E800FFF7F4BF034B586810B10430FEF7ADBF27
:10D4F800704700BFC4150424034B986810B104306A
:10D50800FEF7A3BF704700BFC4150424034BD868B7
:10D5180010B10430FEF799BF704700BFC41504244A
:10D52800034B186910B10430FEF78FBF704700BF76
:10D53800C4150424034B586910B10430FEF785BFA5
:10D54800704700BFC4150424034B986910B1043018
:10D55800FEF77BBF704700BFC415042410B5074C05
:10D56800E06910B10430FEF770FF606A20B1043042
:10D57800BDE81040FEF769BF10BD00BFC415042404
:10D58800034BD86910B10430FEF75FBF704700BF86
:10D59800C4150424034B186A10B10430FEF755BFB4
:10D5A800704700BFC4150424034B986A10B10430B7
:10D5B800FEF74BBF704700BFC4150424034BD86A5D
:10D5C80010B10430FEF741BF704700BFC4150424F2
:10D5D800034B186B10B10430FEF737BF704700BF1C
:10D5E800C4150424034B586B10B10430FEF72DBF4B
:10D5F800704700BFC41504240022C0E90022C0E916
:10D6080002227047F8B504460E4600F1640500F1A1
:10D61800B40728461035FFF7EFFFBD42F9D10023C4
:10D62800204631462361FFF70FFF2046F8BD826888
:10D6380010B50AB905F0EAFDC368BDE810401847FF
:10D6480008B500B9FEE701F06DFB0068C36E13B1C1
:10D658006430FFF7ECFF08BDFFF7F2BF10B500B963
:10D66800FEE7037F013B072B10D8DFE803F0041423
:10D678000F100F0F0F120124240101F053FB006853
:10D688006434204483680BB1FFF7D1FF10BD032435
:10D69800F2E70424F0E70224EEE7FFF7DFBFFFF725
:10D6A800DDBF04F09DB904F0A3B900000A490346A0
:10D6B800086810B50344EFF30882934205D9074B75
:10D6C8000C224FF0FF301A6010BD054A054C121BA2
:10D6D8009342F4D20B60F7E70C00002420280424BE
:10D6E8000000082400040000FEE70000024B162298
:10D6F8004FF0FF301A60704720280424012070473B
:10D708002DE9F041D1E9012CD1E90738D1F824E01D
:10D7180043EA0803D1E90376D1E90554096881B9D8
:10D7280043EA0E03016813436FF30E0143EA0C0347
:10D738003B4333432B4323430B4303600020BDE8A3
:10D74800F081016843EA0E0321F4F8410B430360BA
:10D7580042EA0C0341683B4321F4FF42334322F081
:10D768007F022B43234313434360E7E7CB6803F16E
:10D77800FF3C4B69F0B5013B4C688F680E691B058F
:10D788008D69013C013F013E013D096824013F02CA
:10D79800013936042D0643EA0C335AB90B43826823
:10D7A800234302F070423B4333432B4313438360CC
:10D7B8000020F0BD826822F4700222F47042134304
:10D7C800836044EA0703C2680B4302F070423343A4
:10D7D8002B431343C360EBE710B5D1E9003402696A
:10D7E8002343CC686FF3150243EA442313438A6842
:10D7F800013A43EA42130361002010BD43696FF305
:10D808004D0343EA410343610020704782B000237F
:10D8180002460193019B01330193019BB3F1706FA1
:10D8280015D81369002BF5DA00230193136943F027
:10D8380001031361019B01330193019BB3F1706FE5
:10D8480005D8106910F00100F4D102B07047032028
:10D85800FBE784B038B505AD044685E80E009DF8B1
:10D868001930012B31D1836B23F480338363C36870
:10D8780023F4840323F04003C360C36823F44013F4
:10D88800C3609DF82030012B03D1C36843F4801393
:10D89800C3602046FFF7BAFF9DF81630012B10D160
:10D8A800E36D9BB2E365E36D43F07B7343F40033B0
:10D8B800E365A36843F00603A360A36843F020036D
:10D8C800A360BDE8384004B07047C36843F0400324
:10D8D800C360FFF79BFF9DF81D3023B9A36B43F48A
:10D8E8008033A363D8E7A36B23F48033F9E7000000
:10D8F800022A4AD1274B284A0B44934239D9274B4D
:10D90800274A0B44934236D9A1F57403254AA3F557
:10D918001053934231D9A1F18373234AA3F5E74306
:10D9280093422CD3214B224A0B44934229D9214BB1
:10D93800214A0B44934226D3204B214A0B4493425D
:10D9480023D3A1F1B7731F4AA3F5585393421ED3AB
:10D958001D4B1E4A0B4493422CBF06230723C26863
:10D9680022F47052C260C26842EA8323C360002076
:10D9780070470F23F3E70E23F1E70D23EFE70C239E
:10D98800EDE70B23EBE70A23E9E70923E7E7082399
:10D99800E5E700BF405327FFFF340C00401E1BFF84
:10D9A8003F420F007F4F120020D6130060B6E5FEFD
:10D9B8005FE3160000D3CEFE40771B00C05BB3FECA
:10D9C800C091210020753800E05459FEE09C4100C8
:10D9D800836843F00103836000207047836823F065
:10D9E800010383600020704738B5C36801290546E4
:10D9F8000C4623F0C043C36013D1C368002443F02E
:10DA08000053C3600A200A34F8F7AAF96B69D907EA
:10DA180002D4C82CF6D1C824A4F1C80358425841EE
:10DA280038BD69B9C36843F08043C3600A200A342B
:10DA3800F8F796F96B69DA07EED5C82CF6D1EAE75C
:10DA48000120EDE782B0002302460193019B0133D8
:10DA58000193019BB3F1706F15D81369002BF5DAA8
:10DA68008901002341F0200101931161019B0133D9
:10DA78000193019BB3F1706F05D8106910F0200075
:10DA8800F4D102B070470320FBE782B000230246BE
:10DA98000193019B01330193019BB3F1706F13D87C
:10DAA8001369002BF5DA0023019310231361019BFE
:10DAB80001330193019BB3F1706F05D8106910F021
:10DAC8001000F4D102B070470320FBE7D0F800380B
:10DAD8001943C0F8001800207047000084B02DE9F1
:10DAE800F843044609A880E80E0000239DF8246046
:10DAF8009DF82E50194603F14002013304EB8202CF
:10DB08000F2B5160F7D104F50067002D6CD17B68AD
:10DB180043F002037B60A36B23F40013A363236821
:10DB280043F040032360236843F08003236000230D
:10DB3800C4F8003E9DF82930012B5CD19DF82710D0
:10DB4800002956D120464FF67F38FFF7BFFF102136
:10DB58002046FFF777FF01462046FFF796FF084368
:10DB6800002304F51062C0B24FF0904C19464FF0F4
:10DB7800006E00383B617B6118BF0120FB619E424B
:10DB88003BD8002204F530634FF0904C4FF0006E04
:10DB980011464FF67F38964242D83B6923F480738A
:10DBA8003B610023A3616FF0804363619DF82630D9
:10DBB8001BB9A36943F01003A361A269224B134365
:10DBC800A3619DF82A301BB1A36943F00803A36140
:10DBD800012D05D1A36943F0804343F00403A361F9
:10DBE800BDE8F84304B07047A36B43F40013A36384
:10DBF8009DE71946A6E70321A4E7D2F80090B9F1FA
:10DC0800000F0BDA3BB9C2F800E011610133C2F82A
:10DC180008802032B3E7C2F800C0F6E71160F4E7E5
:10DC2800D3F80090B9F1000F0BDA3AB9C3F800E065
:10DC380019610132C3F808802033ACE7C3F800C08B
:10DC4800F6E71960F4E700BF00383C80D0F80838E0
:10DC580013F0060004D013F0020F14BF02200F20A7
:10DC6800704730B50C78012200F5006304F00F0509
:10DC780000EB4410AA404D78012D19D1DD692A43E3
:10DC8800DA61D0F800391A0410D48A68D0F800593B
:10DC9800C2F30A030A792B4343EA824343EA8453D3
:10DCA80043F0805343F40043C0F80039002030BDEE
:10DCB800DC6944EA0242DA61D0F8003B1B04F5D47F
:10DCC8008B68D0F8002BC3F30A0313430A7943EA9D
:10DCD800824343F0805343F40043C0F8003BE5E738
:10DCE80010B50A78497800EB421300F50060012965
:10DCF80002F00F0222D1D3F8001900290BDAD3F869
:10DD0800001941F00061C3F80019D3F8001941F077
:10DD18008041C3F800190121C46B01FA02F224EA18
:10DD28000204C463C16921EA0202C261154AD3F838
:10DD380000190A40C3F80029002010BDD3F8001BC1
:10DD480000290BDAD3F8001B41F00061C3F8001B6F
:10DD5800D3F8001B41F08041C3F8001B4FF4803119
:10DD6800C46B01FA02F224EA0204C463C16921EA1D
:10DD78000202C261044AD3F8001B0A40C3F8002B10
:10DD8800DAE700BF007833EC0078F3EF002382B0C5
:10DD98004A780193012A0B784FEA43131ED100F504
:10DDA8001060C258C118002A02DB002002B0704778
:10DDB800C25842F00062C250C25842F08042C2507B
:10DDC80042F21072019B01330193019B934201D9E6
:10DDD8000120EBE70B68002BF4DBE6E700F5306089
:10DDE800C258C118002AE0DAC25842F00062C25094
:10DDF800C25842F08042C25042F21072019B013375
:10DE08000193019B9342E3D80B68002BF6DBCCE728
:10DE180010B59DF8084044B9033301329B0800EB64
:10DE2800023001EB8303994201D1002010BD51F863
:10DE3800042B0260F7E700002DE9F7434B781746FB
:10DE480091F800E0012B0A6900EB4E1591F804C027
:10DE58006E4B6F4C40F08E8005F5106642BB326900
:10DE680013403361336943F400233361336923403A
:10DE78003361012F53D1CB6903B17361BCF1010F39
:10DE88000CD1D0F8083813F4807FD5F800390CBFCE
:10DE980043F0005343F08053C5F80039D5F80039F2
:10DEA80043F00443C5F80039002003B0BDE8F0830F
:10DEB800D6F8108008EA04043461346923403361D9
:10DEC8008B68BEF1000F0DD193423CBF1A460B611F
:10DED800336943F4002333613369C2F312041C43EA
:10DEE8003461C6E79C18D6F81080BCF1010F04F124
:10DEF800FF34B4FBF3F4474B1FFA84F903EAC44434
:10DF080044EA08043461E7D1336923F0C04333613C
:10DF18004FEA4973346903F0C0432343DBE7D5F87C
:10DF28000039BCF1010F43F00443C5F800390B690F
:10DF38000CD0002BB8D00EF00F0E0123D0F83428E7
:10DF480003FA0EF31343C0F83438ADE7D0F80828C5
:10DF58009BB212F4807FD5F800290CBF42F0005222
:10DF680042F08052C5F8002972460097C968FFF749
:10DF78004FFF99E7D5F8108B05F5306608EA0404D9
:10DF880034613469234033618B68BEF1000F27D1B7
:10DF980002B10B610B623269C3F31203134333619D
:10DFA800336943F40023012F336102D1CB6803B1F5
:10DFB8007361BCF1010F0CD1D0F8083813F4807FDD
:10DFC800D5F8003B0CBF43F0005343F08053C5F82D
:10DFD800003BD5F8003B43F00443C5F8003B63E73A
:10DFE800002AD8D09C180B4AD6F810E0013CB4FBA4
:10DFF800F3F4A4B202EAC442634342EA0E020B629B
:10E00800C3F31203326132691343CCE7FFFF07E021
:10E018000000F8FF0000F81F70B50023940800F511
:10E02800805502F00302A34204D301EB840132B904
:10E03800084670BD2E6841F823600133F3E700F508
:10E04800805000230468D80024FA00F058540133A3
:10E0580098B28242F7D15018EBE74A780B78012A38
:10E0680000EB431012D1D0F80029002A06DB2BB1AF
:10E07800D0F8003923F08043C0F80039D0F80039CF
:10E0880043F40013C0F8003900207047D0F8002B83
:10E09800002A06DB2BB1D0F8003B23F08043C0F800
:10E0A800003BD0F8003B43F40013C0F8003BEBE71B
:10E0B8000B784A7800EB43100B79012AA3F102038D
:10E0C800DBB20FD1D0F80029012B22F40012C0F8DE
:10E0D800002905D8D0F8003943F08053C0F800393A
:10E0E80000207047D0F8002B012B22F40012C0F852
:10E0F800002BF5D8D0F8003B43F08053C0F8003B24
:10E10800EEE7D0F80038090123F4FE6301F4FE615C
:10E11800C0F80038D0F800381943C0F800180020BB
:10E128007047D0F8003E23F00303C0F8003ED0F853
:10E13800043823F00203C0F8043800207047D0F8F0
:10E14800003E23F00303C0F8003ED0F8043843F043
:10E158000203C0F804380020704742698069104003
:10E168007047D0F8183800F50060C0691840000CF6
:10E178007047D0F8183800F50060C069184080B2C0
:10E18800704700EB411100F50060D1F8082B406999
:10E1980010407047D0F81028D0F8343800EB411000
:10E1A80001F00F0100F51060CB408068DB01DBB2A5
:10E1B800134318407047406900F001007047D0F8D9
:10E1C80000396FF30A03C0F80039D0F8043843F473
:10E1D8008073C0F8043800207047000030B5056C23
:10E1E80000F530630F4CA54203D9D0F8004B002C42
:10E1F80016DB002401291C611C6944F400241C61FD
:10E208001C6944F018041C611C6944F0C0441C617A
:10E2180006D15A61D0F8003B43F08023C0F8003B98
:10E22800002030BD0A30544F8CB00A2800F2AE806E
:10E23800DFE800F006162534435261707F8E9D009A
:10E24800534B5448D3F8E02042F00102C3F8E020D1
:10E25800D3F8E03003F001030193019B0CB0704741
:10E268004B4B4D48D3F8E02042F00202C3F8E020BF
:10E27800D3F8E03003F002030293029BEEE7444B2D
:10E288004648D3F8E02042F00402C3F8E020D3F86F
:10E29800E03003F004030393039BDFE73C4B404863
:10E2A800D3F8E02042F00802C3F8E020D3F8E030C9
:10E2B80003F008030493049BD0E7354B3948D3F89F
:10E2C800E02042F01002C3F8E020D3F8E03003F079
:10E2D80010030593059BC1E72D4B3348D3F8E02085
:10E2E80042F02002C3F8E020D3F8E03003F0200326
:10E2F8000693069BB2E7264B2C48D3F8E02042F061
:10E308004002C3F8E020D3F8E03003F0400307935D
:10E31800079BA3E71E4B2648D3F8E02042F0800273
:10E32800C3F8E020D3F8E03003F080030893089B9B
:10E3380094E7174B1F48D3F8E02042F48072C3F8E3
:10E34800E020D3F8E03003F480730993099B85E754
:10E358000F4B1948D3F8E02042F40072C3F8E020CC
:10E36800D3F8E03003F400730A930A9B76E7084B6E
:10E378001248D3F8E02042F48062C3F8E020D3F8D2
:10E38800E03003F480630B930B9B67E7002065E79D
:10E3980000440258000002580004025800080258BD
:10E3A800000C0258001002580014025800180258B5
:10E3B800001C025800200258002402580028025865
:10E3C800064908B500F01AFCC0F3C430132800D978
:10E3D800FEE7034B53F8200008BD00BF2068010882
:10E3E8005C630108A0F580500138022800D9FEE7D7
:10E3F800014B53F82000704750630108074908B5DE
:10E4080000F0FCFBC0F3C430012802D0022802D07F
:10E41800FEE7002008BD1020FCE700BFFC670108EC
:10E42800026882B00E4B9A4218D10E4BD3F8902056
:10E4380042F00052C3F89020D3F8902022F0005206
:10E44800C3F89020D3F8E82042F00052C3F8E8203F
:10E45800D3F8E83003F000530193019B02B07047F2
:10E46800007400400044025810B586B008490446BC
:10E4780000F0A2FB019048B12046FFF7BFFF01461C
:10E4880001A8F8F7ACFC01A8F8F79BFC06B010BD92
:10E49800FC670108036884B01D4A934214D11D4BE0
:10E4A800D3F8D82042F02002C3F8D820D3F8D830C7
:10E4B80003F020030193019B174B1868C30425D46C
:10E4C800164904B000F060BB154A93420DD1114BB8
:10E4D800D3F8D82042F02002C3F8D820D3F8D83097
:10E4E80003F020030293029BE6E70E4A9342E3D12E
:10E4F800084BD3F8E02042F08072C3F8E020D3F84C
:10E50800E03003F080730393039BD5E704B07047B2
:10E5180000200240004402583C0000242068010802
:10E52800002102400060025803681F4A934213D139
:10E538001E4BD3F8802042F02002C3F88020D3F885
:10E54800802022F02002C3F88020D3F8D82022F0BF
:10E558002002C3F8D8207047154A93420DD1134BB7
:10E56800D3F8802042F02002C3F88020D3F880201E
:10E5780022F02002C3F8802070470E4A934212D13D
:10E588000A4BD3F8882042F08072C3F88820D3F869
:10E59800882022F08072C3F88820D3F8E02022F087
:10E5A8008072C3F8E02070470020024000440258FF
:10E5B8000021024000600258F0B5A3B0044664226E
:10E5C8000E4609A8002103F0FFFA1C22002102A828
:10E5D80003F0FAFA0023E204ADF80230019316D5ED
:10E5E80041F203039C4212D84E4B20460727099359
:10E5F800FFF7F8FE0546A6F10801082900F2878012
:10E60800DFE801F08B851685858587858900464971
:10E61800204600F0D1FA01A909902046FFF7D0FE64
:10E62800099B054613B9002023B0F0BD0227E2E795
:10E638000C234FF44032042609A8CDE90A2301220D
:10E6480000230F924FF48052ADF838308DF84030E7
:10E658008DF85C301E931C938DF87430CDE90C3620
:10E66800CDE91133CDE91333CDE915232F4B1C60C8
:10E67800F8F71EF90028D6D1062340F2FF7402A944
:10E688000790ADF8200009A80295CDE90337CDE938
:10E698000546F7F715FC01460028C4D1224609A80B
:10E6A800F8F708FA0028BED109A8F7F7C3FE002832
:10E6B800B9D10A2109A8F7F773FB0028B3D109A833
:10E6C800F7F7FAFD830505D509A8F7F7F5FB80B23A
:10E6D800ADF8020009A8F8F733F80028A3D109A873
:10E6E800F7F75CFF00289ED1099A114B9A4216D081
:10E6F800104803F540731049824218BF0B469A68C8
:10E7080022F0E0729A60BDF8020080B28CE708231C
:10E718008FE704238DE700238BE7102389E7074B56
:10E72800EDE700BF00600258206801083C000024A3
:10E7380000200240002102400063025800230240EA
:10E74800F8B513490646134F00F036FAFEF7FAFDFE
:10E75800054657F8203073B9B420FEF7A2FF0446E7
:10E768000B49304600F028FA01462046FEF74AFFDA
:10E7780057F825301C601C6844B12046FEF744FE5B
:10E788002046B421BDE8F840FEF78DBFF8BD00BFB4
:10E79800E0650108C4150424F7F7DCBA704708B52A
:10E7A800F7F7CCFAF8F7A7FAFFF7F8FF08BD7047B4
:10E7B800134B84B0D3F8E02042F00072C3F8E02095
:10E7C800D3F8E02002F000720192019AD3F8F42005
:10E7D80042F00202C3F8F420D3F8F42002F0020257
:10E7E8000292029AD3F8E02042F40022C3F8E02013
:10E7F800D3F8E03003F400230393039B04B070477D
:10E8080000440258074AD2F8B43FD90709D503F0A3
:10E81800020320B12BB1044BC2F8B03F01E0002B3A
:10E82800FAD07047001000E055CEACC508B50E4BC5
:10E83800D3F8FC20D20105D4D3F8FC2042F0807232
:10E84800C3F8FC200120FFF7DDFF084B00225A60C7
:10E858001A6802431A6000BF00BF00BF5868B0FAC8
:10E8680080F0400908BD00BF00ED00E0001000E0A6
:10E8780008B5FFF79DFFFFF7D9FFF7F731FAFFF764
:10E8880096FF02F01DFB0348F8F73AFABDE8084086
:10E8980001F01CBD400000240023C0E90033C0E99A
:10E8A800023370470023012803F101020AD1142220
:10E8B800DBB25343054A181D1044816829B11A4434
:10E8C8001369184740081346EDE77047FC15042400
:10E8D8000120F9F702BB0220F9F7FFBA0420F9F783
:10E8E800FCBA0820F9F7F9BA1020F9F7F6BA08B512
:10E8F8002020F9F7F2FA4020F9F7EFFA8020F9F72B
:10E90800ECFA4FF48070F9F7E8FA4FF40070BDE8BC
:10E918000840F9F7E2BA38B506244FF48065A8B282
:10E92800F9F7DBFA013C4FEA4505F8D138BD00009C
:10E93800334A172108B51046062320F8043BFFF791
:10E94800ABFF072302F118009382FFF7A5FF082306
:10E9580002F12C001385FFF79FFF092302F1400005
:10E968009387FFF799FF0A2302F15400A2F8503069
:10E97800FFF792FF02F16800A2F86410FFF78CFF1E
:10E9880002F17C00A2F87810FFF786FF02F19000F0
:10E99800A2F88C10FFF780FF02F1A400A2F8A010E3
:10E9A800FFF77AFF02F1B800A2F8B4102821FFF7A8
:10E9B80073FF02F1CC00A2F8C810FFF76DFF02F157
:10E9C800E000A2F8DC10FFF767FF02F1F400A2F8FC
:10E9D800F010FFF761FF02F58470A2F80411FFF749
:10E9E8005BFF02F58E70A2F81811FFF755FF02F5CC
:10E9F8009870A2F82C11BDE80840FFF74DBF00BF82
:10EA0800FC15042438B5054CA4F5A075143C201D4C
:10EA1800F5F79BFBAC42F9D138BD00BF3C17042485
:10EA280052B101F00301064B0329596805D080044F
:10EA380003D521EA02025A6070470A43FBE700BF88
:10EA480000040058431C04D00C3151F80C3C5A1CEB
:10EA580001D100207047834201F10C01F5D101205A
:10EA680070470000431C2DE9F04705460E4636D195
:10EA7800FEE743F400538B420ED106F00303D2F8AD
:10EA88000490032B0ED1AF040CD54A4631462846D4
:10EA9800BDE8F047FFF7C4BF083213685C1CE8D133
:10EAA8004FF0000905F00F02354BC5F3031006F0CF
:10EAB800070853F82270FFF7B7FB0346806807FB87
:10EAC80007F101EB41044FEA410C2043E24398600F
:10EAD800B8F1030F07D8DFE808F045472207294AAD
:10EAE80040F40051D9E7FEE703201C68484308F1C9
:10EAF800FF381440B8F1010F40EA0400186005D847
:10EB0800586834074CBF3843B8435860C6F30110FF
:10EB180001282BD002282ED0D9680A4029E0C6F354
:10EB2800062EBEF17F0F01D10220DEE728070CD5A3
:10EB38003C0A586A64436443C4EB041A04FB0EF4A9
:10EB480020EA0A0020435862EEE701FB01F4186A44
:10EB5800C4EB041A04FB0EFE20EA0A0040EA0E0089
:10EB68001862E1E70020C0E70120BEE7D86802404C
:10EB78000A43DA6089E7D9680A4042EA0C02F8E7F2
:10EB8800AC630108EC630108431C06D1704783425B
:10EB980002D18968FFF766BF0C310B685A1CF6D1A1
:10EBA800FEE70B685A1C01D100207047834201D14F
:10EBB800486870470C31F4E7431C01D0FFF7F1BFF8
:10EBC800002070474B6813B94FF0FF3070478342FD
:10EBD80001D1086870470C31F4E708B1FFF7F2BFBC
:10EBE8004FF0FF30704703460868421C00D1704759
:10EBF800984201D1886870470C31F5E7431C01D071
:10EC0800FFF7F1BF7047034608468B4204D01BB19B
:10EC180000290CBF1846002070470000314AD2F87E
:10EC2800883043F47003C2F888302F4A136803F021
:10EC38000F03062B05D8136823F00F0343F00703CF
:10EC480013602A4B1A6842F001021A6000221A6106
:10EC5800274A19680A4024491A600A68100705D526
:10EC68000A6822F00F0242F007020A6000222149D6
:10EC78009A61DA611A6299621F49D9621F49196358
:10EC88005A639963DA6319645A64196821F4802114
:10EC980019601A6640F2FF729A66194B1B686FF387
:10ECA8000F03B3F1005F03D2164B0122C3F808210A
:10ECB8000E4BD3F8D420D2040FD4D3F8D42043F287
:10ECC800D20142F48052C3F8D4200F4A1160D3F81D
:10ECD800D42022F48052C3F8D420024B4FF00062B3
:10ECE8009A60704700ED00E000200052004402588E
:10ECF8007FEDF6EA000202020000FF018002010136
:10ED08000010005C0080005100400052044BDA689B
:10ED180042F00202DA605A689204FCD5704700BFDC
:10ED2800004802580438704703688EB0734A93420B
:10ED38002DD1734AD2F8F01041F00101C2F8F01059
:10ED4800D2F8F02002F001020092009A6D4A934234
:10ED58002DD16B4AD2F8E81041F01001C2F8E81042
:10ED6800D2F8E82002F010020592059A664A93420A
:10ED78002DD1634BD3F8E82042F48072C3F8E82021
:10ED8800D3F8E83003F480730A930A9BB4E0B3F134
:10ED9800804F2DD15A4AD2F8E81041F00101C2F84B
:10EDA800E810D2F8E82002F001020192019A574ACD
:10EDB80093422DD1524AD2F8E81041F02001C2F80E
:10EDC800E810D2F8E82002F020020692069A504A8B
:10EDD80093422DD14A4BD3F8F02042F48032C3F845
:10EDE800F020D3F8F03003F480330B930B9B83E0CF
:10EDF800484A93422DD1424AD2F8E81041F0020124
:10EE0800C2F8E810D2F8E82002F002020292029A50
:10EE1800414A93422DD13A4AD2F8F01041F002010A
:10EE2800C2F8F010D2F8F02002F002020792079A16
:10EE38003A4A93422DD1324BD3F8F02042F40032B3
:10EE4800C3F8F020D3F8F03003F400330C930C9B94
:10EE580052E0334A93422DD1294AD2F8E81041F0C2
:10EE68000401C2F8E810D2F8E82002F00402039284
:10EE7800039A2C4A93422ED1214AD2F8E81041F045
:10EE88004001C2F8E810D2F8E82002F040020892E7
:10EE9800089A254A93422FD1194BD3F8F02042F40F
:10EEA8008022C3F8F020D3F8F03003F480230D93C8
:10EEB8000D9B21E01D4A93427FF448AF104AD2F8D7
:10EEC800E81041F00801C2F8E810D2F8E82002F092
:10EED80008020492049A164A93427FF447AF084BFB
:10EEE800D3F8E82042F08002C3F8E820D3F8E830ED
:10EEF80003F080030993099B0EB07047000001409E
:10EF08000044025800100040002000400014004057
:10EF1800004001400004004000040140004401405A
:10EF2800000800400018004000480140000C004064
:10EF3800001C00400368454A934219D14449D1F85E
:10EF4800F02022F00102C1F8F020424A934219D180
:10EF58003F49D1F8E82022F01002C1F8E8203E4AE3
:10EF6800934219D13A4AD2F8E83023F480736AE020
:10EF7800B3F1804F1BD13649D1F8E82022F00102C5
:10EF8800C1F8E820354A93421BD13149D1F8E8202D
:10EF980022F02002C1F8E820314A93421BD12C4AC2
:10EFA800D2F8F03023F48033C2F8F03070472D4A9D
:10EFB800934219D12649D1F8E82022F00202C1F87B
:10EFC800E820294A934219D12149D1F8F02022F0AA
:10EFD8000202C1F8F020254A934219D11C4AD2F8FE
:10EFE800F03023F40033DFE7214A934219D118495E
:10EFF800D1F8E82022F00402C1F8E8201D4A934223
:10F0080019D11349D1F8E82022F04002C1F8E820CC
:10F01800194A9342CAD10E4AD2F8F03023F4802319
:10F02800C2E7164A934290D10949D1F8E82022F064
:10F038000802C1F8E820124A934290D1044AD2F853
:10F04800E83023F08003C2F8E83070470000014040
:10F058000044025800100040002000400014004006
:10F068000040014000040040000401400044014009
:10F07800000800400018004000480140000C004013
:10F08800001C0040431C3AD02A4B98423AD018D86A
:10F09800A3F54063984237D00BD8A3F50063984294
:10F0A80034D003F58063984232D0B0F1804F31D02C
:10F0B800FEE7214B98422FD003F5806398422DD06C
:10F0C800F6E71E4B98422FD00CD8A3F5644398421C
:10F0D80026D003F56043984224D0A3F564439842B0
:10F0E80022D0E5E7164B984220D003F5806398427A
:10F0F8001ED0A3F500639842DAD1742070476FF0F0
:10F108000D0070472B207047322070471D20704734
:10F118001E2070471C2070473620704737207047E4
:10F128002D207047192070472C2070477520704794
:10F13800762070470018004000100040000401408D
:10F1480000440140431C3AD02B4B98423AD01CD87B
:10F15800A3F58053984237D00BD8A3F500639842A3
:10F1680034D003F58063984232D0B0F1804F31D06B
:10F17800FEE7224B98422FD003F5806398422DD0AA
:10F18800A3F5006398422BD0F2E71D4B984229D093
:10F198000CD8A3F58043984226D003F580639842A3
:10F1A80024D0A3F56443984222D0E1E7154B984256
:10F1B80020D003F580639842DAD1762070476FF04B
:10F1C8000D0070472C207047322070471D20704773
:10F1D8001E2070471C207047372070472B2070472F
:10F1E80036207047742070471B2070472E207047C8
:10F1F8002D20704775207047001C00400014004007
:10F20800004001400044014038B50446FFF78CFD3A
:10F218000068FFF737FFD4E91312F7F7ADFC206851
:10F22800FFF730FFF7F7DAFC22681046FFF78AFF8E
:10F2380005461046FFF726FF85420BD02846D4E93D
:10F248001312F7F799FC2068FFF77CFFBDE83840F8
:10F25800F7F7C4BC38BD000008B5074B90F8B220DA
:10F2680053F82200FDF7AEFF00F02200A0F12203C0
:10F278005842584108BD00BF3C17042408B5074B45
:10F2880090F8B22053F82200FDF79CFF00F021000F
:10F29800A0F121035842584108BD00BF3C1704247F
:10F2A80038B515460446C8B1C0F89C10B0F9B0008E
:10F2B800F7F7A2FCD4F8B830B4F8C210AAB294F8A0
:10F2C800B20013FA81F1064B53F82000FDF7C0FA9B
:10F2D800B4F9B000BDE83840F7F780BC38BD00BFCE
:10F2E8003C17042450B1D0F8A430013306D190F86B
:10F2F800B220034B53F82200FDF718BF704700BF38
:10F308003C17042450B1D0F8A430013306D190F84A
:10F31800B220034B53F82200FDF72EBF704700BF01
:10F328003C170424D0F8943004381847D0F89830A3
:10F338000438184710B5044650F80439DA69D1077B
:10F348000CD501221A62FFF787FFB0B904F1AF01AB
:10F3580020460122BDE81040FDF7C4BFDA699207D4
:10F3680001D50222EEE7DA69510701D50422E9E75F
:10F37800DA691207E7D50822E4E710BD08B52520A9
:10F38800F7F7AAFC024B1868BDE80840FDF7C0BAB9
:10F398003C170424262008B5F7F79EFC034B586851
:10F3A80018B1BDE80840FDF7B3BA08BD3C170424FE
:10F3B800272008B5F7F790FC034B986818B1BDE80B
:10F3C8000840FDF7A5BA08BD3C17042408B5342049
:10F3D800F7F782FC024BD868BDE80840FDF798BAF9
:10F3E8003C17042408B53520F7F776FC024B18695A
:10F3F800BDE80840FDF78CBA3C17042408B547203F
:10F40800F7F76AFC024B5869BDE80840FDF780BA77
:10F418003C17042408B58E20F7F75EFC024B186AE7
:10F42800BDE80840FDF774BA3C17042408B552201B
:10F43800F7F752FC024B9869BDE80840FDF768BA37
:10F448003C17042408B55320F7F746FC024BD8694B
:10F45800BDE80840FDF75CBA3C170424012200F11E
:10F46800AF01FDF73FBF036807B55B6801228DF860
:10F4780007100DF10701984703B05DF804FB000081
:10F48800014800F032BF00BF40210424F8B50E4601
:10F4980017461546ADB101F0E9FB90B10A4800F0F6
:10F4A80024FFA84228BF284604460028F3D0314646
:10F4B800224605482D1B264400F038FF01F0F2FBD8
:10F4C800E8E7781BF8BD00BF40210424014800F09C
:10F4D800D2BF00BF7A20042410B5044800F0F3FF1F
:10F4E800044601F015FC204610BD00BF7A20042414
:10F4F8002DE9F04106460F46154694B202F0C2F8CF
:10F50800F060224639460B4801F03BF8804601F08E
:10F51800FFFBA4EB08044744A4B23CB102F0B2F8E4
:10F52800F368C01AB3689842EBD32D1B2846BDE890
:10F53800F08100BF7A2004242DE9FF4706460DF12B
:10F548000E09884617461C469DB202F09BF8F060EB
:10F558002B463A4641460F48CDF8009001F059F83D
:10F56800824601F0D5FBBDF80E30ED1A1F44ADB24E
:10F57800BAF1000F04D0641B204604B0BDE8F08740
:10F58800002DF9D002F07EF8F368C01AB3689842EB
:10F59800DED3F0E77A200424014800F0CBBF00BF97
:10F5A8007A20042408B5034800F0AFFE0028FADCEE
:10F5B80008BD00BF4021042401F034BB044B4FF4C4
:10F5C8007A720021C3E90112024A1A60704700BF2B
:10F5D800601704242C64010878B10023C0F8B832FD
:10F5E800C0F8C432C0F8D03209B1C0F8B41201234F
:10F5F800027080F89C3200F05DBD03207047002344
:10F6080013B50446ADF8063081B1CB6AC0F8B8121C
:10F6180023B10DF106009847C4F8D002D4F8D832C7
:10F6280000200133C4F8D83202B010BD0320FBE734
:10F6380000F072BDD0F8B8320BB11B6818471846F5
:10F64800704708B5D0F8B8325B689847002818BFEB
:10F65800032008BD38B500F2AA250446284600F064
:10F6680098FB012394F8AA12C4F89432B4F8B03283
:10F67800C4F8983201F01F03012B08D0022B0CD0DC
:10F688008BB929462046BDE8384000F04DB92946D7
:10F698002046BDE8384000F0ABBA29462046BDE810
:10F6A800384000F0D4BA204601F08001BDE8384067
:10F6B80000F04ABD70B50446164609BBD0F894322E
:10F6C800032B0CD1D0E9573293420AD99B1A314601
:10F6D8009A42C0F85C3128BF1A4600F0B3FB0020FC
:10F6E80070BD90F89C32032B06D1D0F8B8321B6954
:10F6F80013B1C0F8D4129847204600F0ABFBEEE7F0
:10F7080090F89C32032BEAD1D0F8B8329B69002BD1
:10F71800E5D00022BDE87040C0F8D422184770B583
:10F72800044616460D4600293DD1D0F89432022BE6
:10F738000ED1D0E90732934212D99A1A3146C261E2
:10F7480000F06BFB2B462A462946204600F02AFD8E
:10F7580094F8A03213B1002384F8A032002070BDC1
:10F768000CD18269934209D8D0F898329A4205D2CE
:10F778000A4600F052FBC4F89852E3E794F89C322A
:10F78800032B08D1D4F8B832DB6823B10022204615
:10F79800C4F8D42298478021204600F0D5FC2046A2
:10F7A80000F063FBD4E790F89C32032BD6D1D0F855
:10F7B800B8325B69002BD1D00022BDE87040C0F898
:10F7C800D4221847F8B501230021044680F89C325A
:10F7D800D0F8B832C0F894124160C0F8A41280F88A
:10F7E800A012B3B900260022402501274023114664
:10F7F800204600F098FC2B46002280212046A4F8E1
:10F808006471C4F8605100F08EFC3046A78425620C
:10F81800F8BD5B68002BE5D098470028E2D00326A6
:10F82800E1E701740020704790F89C32042B04D063
:10F8380090F89C32DBB280F89D32042380F89C3229
:10F848000020704790F89C32042B04D190F89D3228
:10F85800DBB280F89C320020704708B590F89C22F3
:10F86800032A05D1D0F8B83213B1DB6903B1984740
:10F87800002008BDD0F8D422AE3250F8222008B5B6
:10F888004AB190F89C32032B01D1136A0BB90020BE
:10F8980008BD9847FBE70320FAE7D0F8D422AE3238
:10F8A80050F8222008B54AB190F89C32032B01D1B8
:10F8B800536A0BB9002008BD9847FBE70320FAE715
:10F8C80000207047012208B580F89C22D0F8B822A1
:10F8D8000AB9002008BD5268017990470028F8D07D
:10F8E8000320F7E7002070470020704710B54288D2
:10F8F80003789A420AD904782044234444789BB276
:10F90800052CF6D184788C42F3D110BD0020FCE799
:10F9180010B50446802100F017FC00212046BDE800
:10F92800104000F011BC000073B50B7804460D467A
:10F9380003F06003202B09D0402B07D093B1204659
:10F94800FFF7E6FF0025284602B070BDD4F8D43290
:10F9580029462046AE3354F823309B6802B0BDE8F0
:10F96800704018474B78092BE9D801A252F823F0C8
:10F9780097FB0008DBFB000847F90008BFFB0008FD
:10F9880047F9000891FA0008A1F9000847F90008AA
:10F998006BFB0008D3FA000800234988ADF806304D
:10F9A8000B0A013B062BCAD801A252F823F000BF6C
:10F9B800D5F9000807FA000821FA000847F90008F5
:10F9C80047F9000863FA000879FA0008D0F8B43259
:10F9D8001B680DF10601207C9847EA88002A00F090
:10F9E800A380BDF80630002BA9D09A42014628BF53
:10F9F8001A46ADF80620204600F002FAA2E7027C7B
:10FA0800D0F8B83232B99B6A0DF106009847022344
:10FA18004370E2E7DB6AF7E7C9B2D0F8B4320529E8
:10FA280012D8DFE801F00307090B0D0F5B68002B04
:10FA3800CFD184E79B68FAE7DB68F8E71B69F6E74C
:10FA48005B69F4E79B69F2E7DB69002B3FF477AF6A
:10FA58000DF10602007C9847BFE7037C002B7FF47A
:10FA68006EAFD0F8B8320DF106005B6B9847B4E77B
:10FA7800037C002B7FF463AFD0F8B8320DF1060099
:10FA88001B6B98470723C3E78B88002B7FF457AF7E
:10FA9800CB88002B7FF453AF4D887F2D3FF64FAFB7
:10FAA80090F89C32032B3FF44AAFEDB2294680F818
:10FAB8009E5200F069FB204600F0CCF91DB10223EC
:10FAC80084F89C323EE70123FAE78978474D0129FB
:10FAD800297003D9FFF71CFF032534E790F89C32FF
:10FAE800022BDEB208D0032E17D0FFF711FF2978BA
:10FAF8002046FFF7A6FDEFE7B1B101214160FFF70E
:10FB080099FD0546204625B1FFF702FF84F89C625F
:10FB180019E700F09FF90323D2E749B902234160AE
:10FB280080F89C32FFF78DFD204600F093F909E735
:10FB380041680129F8D0C9B2FFF783FD297820462A
:10FB48006160FFF777FD05460028EDD02046FFF7F6
:10FB5800DFFE21792046FFF774FD022384F89C32EA
:10FB6800F1E6CA88012A7FF4EAAE90F89C120229CD
:10FB7800CBB207D8002B3FF4E2AE0146002341F890
:10FB8800083F38E7032B7FF4DAAE011D33E790F81E
:10FB98009C32013B022B3FF6D2AECA88022A7FF480
:10FBA800CEAED0F8A4320146002B0CBF01230323AC
:10FBB80041F80C3F1FE74B88012B02D1C4F8A4324F
:10FBC800B2E7022B7FF4BBAE8B881B0A80F8A03209
:10FBD800AAE790F89C32013B022B3FF6B0AE4B8867
:10FBE800012B7FF4AFAE0023E8E700BF70170424B1
:10FBF80070B50B7804460E4603F060025B0601D52B
:10FC0800402A1FD194F89C32013B022B1AD8317933
:10FC18002046022917D8FFF765FE88B9D4F8B8320C
:10FC28009B686BB1C4F8D402314620469847054614
:10FC3800F3881BB915B9204600F00CF9284670BDA9
:10FC48000325F5E720460025FFF762FEF6E770B5C5
:10FC58000B7804460E468A8803F060030D79202B42
:10FC680057D0402B55D01BB12046FFF751FE3CE042
:10FC78004B78012B3BD0032B24D0002BF4D190F8E8
:10FC88009C32022BD9B260D00329EDD105F00F03C5
:10FC980012F0800F4FF0140202FB030366D09B8C16
:10FCA800002BE1D005F07F031426802D03FB0666A8
:10FCB800064467D02946204600F054FA002866D04A
:10FCC800012360E090F89C32022BDAB233D0032A89
:10FCD800CAD14B8833B9690604D0F38813B92946C9
:10FCE80000F032FA204600F0B5F8002070BD90F818
:10FCF8009C32022BDAB21ED0032AB5D14B88002BD6
:10FD0800F3D16B0602D0294600F025FA204600F010
:10FD1800A1F829462046FFF7E7FD0028E5D1D4F8E9
:10FD2800B832C4F8D4029B68002BDED03146204696
:10FD3800BDE8704018476A0696D0294600F004FAD4
:10FD48008021204600F000FACFE769068CD113061F
:10FD58004FF000034FF002024CBF00F1140100F510
:10FD6800AA710B60204600F04BF8BEE7B3F8643187
:10FD7800002B3FF479AF142606FB050606F5AA7694
:10FD8800002D97D10023336002223146EAE7306024
:10FD9800FAE70B7803704B7843704B8843808B8865
:10FDA8008380CB88C380704710B50446802100F05B
:10FDB800CBF900212046BDE8104000F0C5B970B568
:10FDC8000D461646044698B1F0F762FA013CC0B2F7
:10FDD80000210130430080288CBF4FF480739BB210
:10FDE80033802B7003236B70022314F8012F02B9A0
:10FDF80070BDEA545A1C0233D2B2DBB2A954F4E7FC
:10FE08001346022210B5C0F894220A460021C0E920
:10FE1800063300F0C0F9002010BD08B513460A46A5
:10FE2800002100F0B8F9002008BD1346032210B5E0
:10FE3800C0F894220A460021C0E9563300F0B2F90E
:10FE4800002010BD08B513460A46002100F0AAF9A3
:10FE5800002008BD08B504220023C0F894221946E2
:10FE68001A4600F098F9002008BD08B505220023BD
:10FE7800C0F8942219461A4600F094F9002008BDEB
:10FE880030B585B00446F9F7CFFF3E4AD36859012B
:10FE9800FCD522683C4B9A422FD13C4D03E0A9681F
:10FEA8000C35FEF7DFFD2868421CF8D1384B0121DC
:10FEB8006520D3F8D82042F00062C3F8D820002289
:10FEC800D3F8D83003F000630193019BF6F754FE92
:10FED8006520F6F783FEE17A01290ED14FF0B04292
:10FEE8006420D2F8903043F48053C2F89030002256
:10FEF800F6F742FE6420F6F771FE2268254B9A4217
:10FF08003ED1254D03E0A9680C35FEF7ABFD286806
:10FF1800431CF8D11E4B01214D20D3F8D82042F0C4
:10FF28008062C3F8D820D3F8D82002F08062029209
:10FF3800029AD3F8D82042F00072C3F8D8200022E1
:10FF4800D3F8D83003F000730393039BF6F714FE3D
:10FF58004D20F6F743FEE17A012911D14FF0B04266
:10FF68004C20D2F8903043F40063C2F8903000225D
:10FF7800F6F702FE4C2005B0BDE83040F6F72EBE7D
:10FF880005B030BD004802580000084084640108EC
:10FF980000440258000004407864010800F29C41C3
:10FFA800D0F8E004FFF756BB242303FB0103D0F885
:10FFB800E004D3F86022FFF77DBB242303FB010391
:10FFC800D0F8E0041A6AFFF7AABBD0F8E004FFF7FC
:10FFD80044BC38B5C5790446D0F8E004003D18BFE4
:10FFE8000125FFF7EFFBD4F8E0042946BDE83840C7
:08FFF800FFF717BC10B5044629
:020000040801F1
:10000000D0F8E004FFF714FC2268D2F8003E43F079
:100010000103C2F8003EE37A23B1034A136943F0B7
:100020000603136110BD00BF00ED00E010B5C37AF8
:10003000044633B100F050F9084A136923F006036F
:1000400013612268D4F8E004D2F8003E23F00103E3
:10005000BDE81040C2F8003EFFF7F8BB00ED00E03D
:10006000D0F8E004FFF71DBCD0F8E004FFF706BCB1
:10007000D0F8E004FFF728BCD0F8E004FFF726BC76
:100080000148F9F711BB00BF7417042410B5094CDF
:10009000E37A6BB1084A136923F00603136100F099
:1000A0001BF92268D2F8003E23F00103C2F8003E9B
:1000B00010BD00BF7417042400ED00E070B5154CAE
:1000C000054600F0F9F80423C4F8E05420462371F3
:1000D000114BC5F8C84223604FF40073E380A3605E
:1000E0000023E3602374F9F72DF900B1FEE70B4D0F
:1000F00001262046A988F9F75EFEAA89013655F83F
:10010000081F204601F00F01F9F736FE052EF4D145
:10011000002070BD741704240000084050640108DA
:1001200008B5D0F8C802F9F77AF9002008BD10B573
:100130001446D0F8C8021A462346F9F7A2F900205F
:1001400010BD08B5D0F8C802F9F7D0F9002008BDF5
:1001500008B5D0F8C802F9F731FA002008BD08B593
:10016000D0F8C802F9F761FA002008BD11F0800F3D
:10017000D0F8C8324FF0240217BF01F07F0102FB14
:10018000013302FB0133987D08BF93F85602704794
:1001900008B5D0F8C802F9F761F9002008BD08B524
:1001A000D0F8C802F9F7F0F9002008BD08B5D0F87A
:1001B000C802F9F7C4F9002008BDD0F8C802F9F761
:1001C000DBB90000122301480B8070478C0000242B
:1001D000042301480B8070478800002400487047C2
:1001E000581C0424002370B54D1C1E46040FB0F1AA
:1001F000204F4FEA001034BF3034373401F8134039
:1002000005F813600133DCB2A242EFD870BD0000E4
:100210001A2310B50B800A4BD3F80008D3F808282E
:1002200080180AD0D3F8044808220649FFF7DAFFFD
:10023000042210312046FFF7D5FF034810BD00BF50
:1002400000E0F11F6E0000246C0000240A46034801
:10025000034908B5FFF7B7FD014808BD1637010887
:10026000581D04240A46054908B520B90448FFF77B
:10027000AAFD024808BD0348F9E700BF581D042441
:1002800029370108433701080A460348034908B5DE
:10029000FFF799FD014808BD5D370108581D04248A
:1002A0000A460348034908B5FFF78DFD014808BD1C
:1002B00073370108581D042408B50548FDF743FFAE
:1002C0000A2001F0E5F90248BDE80840FDF72DBF1E
:1002D0000000084000F0AABC08B5FEF76DFABDE8C2
:1002E000084000F0F1BD0023A0F88230A0F8803073
:1002F0007047B0F88230B0F880209BB292B2981A62
:100300007F30434200F07F0003F07F0358BF584224
:100310007047B0F88030B0F882209BB292B203F1FF
:100320008000801A434200F07F0003F07F0358BF33
:1003300058427047F8B5B0F8805004460F4616464C
:10034000ADB2B0F88000C5F1800595420CD914FA21
:1003500080F001F081FCB4F8802016FA82F202F0FD
:100360007F02A4F88020F8BD2A4614FA80F001F03C
:1003700073FC721B79192046EBE7B0F88020B0F8C7
:10038000823092B29BB29A420DD3B0F88030B0F86E
:1003900082209B1A9BB20B80A0F88430B0F8823088
:1003A00010FA83F07047B0F88230C3F18003F1E7B0
:1003B000B0F88220B0F88430134403F07F03A0F833
:1003C000823070470023A0F8C230A0F8C030C023AC
:1003D000A0F8C4307047B0F8C22082B0034692B291
:1003E000ADF80620B0F8C010BDF8062089B292B270
:1003F0009142B0F8C02092B21ED37F2A08D9B0F83B
:10040000C02092B2802A09D1BDF8062092B22AB14A
:10041000B3F8C00013FA80F002B07047BDF80620B0
:10042000002092B2402AF7D9B3F8C02092B2A3F8C4
:10043000C420A3F8C000EBE7BDF80610403289B233
:100440008A42E5D30020E7E7B0F8C03011FA83F321
:100450009BB2A0F8C030B0F8C020B0F8C43092B25F
:100460009BB29A4202D3C023A0F8C430B0F8C03087
:100470009BB2BF2B02D90023A0F8C0307047B0F860
:10048000C03082B09BB2ADF80430B0F8C4309BB23B
:10049000ADF80630B0F8C220BDF8043092B29BB27D
:1004A0009A4208D8BDF80430B0F8C2209BB292B28C
:1004B000981A02B07047BDF80630BDF80410B0F8C5
:1004C000C22089B292B211FA83F0801AF1E7B0F833
:1004D000C02082B0034692B2ADF80420B0F8C42028
:1004E00092B2ADF80620B0F8C210BDF8062089B26D
:1004F00092B2914202D10022A0F8C220B3F8C210F9
:10050000BDF8042089B292B2914214D0B3F8C2204F
:1005100092B2511C89B2A3F8C210B3F8C210985C11
:10052000BDF8062089B292B2914202D30022A3F80C
:10053000C22002B070474FF0FF30FAE7B0F8C03089
:1005400082B09BB2ADF80430B0F8C4309BB2ADF8C5
:100550000630B0F8C220BDF8063092B29BB29A4283
:1005600002D30023A0F8C230B0F8C220BDF8043096
:1005700092B29BB29A4205D0B0F8C2309BB2C05C36
:1005800002B070474FF0FF30FAE737B5044608462F
:10059000B4F8C0309BB2ADF80430B4F8C4309BB2AC
:1005A000ADF80630B4F8C210BDF8063089B29BB27F
:1005B000994202D30023A4F8C230B4F8C210BDF8A7
:1005C000043089B29BB2994224D8BDF80450B4F8E3
:1005D000C230B4F8C210ED1A14FA81F1ADB29542EE
:1005E00028BF15462A4601F037FBB4F8C23015FA89
:1005F00083F39BB2A4F8C230B4F8C220BDF8063031
:1006000092B29BB29A4202D30023A4F8C230284689
:1006100003B030BDBDF80650D9E7F7B51C46B0F8B9
:10062000C030089D9BB2ADF80430B0F8C4309BB226
:10063000ADF80630B0F8C260BDF80630B6B29BB275
:100640009E4202D30023A0F8C230B0F8C260BDF8C9
:100650000430B6B29BB29E4222D8BDF80430B0F846
:10066000C260B0F8C2709B1B10FA87F79BB2A3421E
:1006700028BF23460024A6B2B34214D82B80B0F87A
:10068000C22013FA82F39BB2A0F8C230B0F8C220A5
:10069000BDF8063092B29BB29A4223D200201BE0F2
:1006A000BDF80630DBE717F804C08C4516D1B0F86A
:1006B000C2309BB2013333449BB2A0F8C230B0F8D1
:1006C000C220BDF8063092B29BB29A4202D30023F8
:1006D000A0F8C23001202E8003B0F0BD02F804C0A3
:1006E0000134C8E70023A0F8C230D7E7D0F8D432ED
:1006F00000EB830010B5D0F8C0428CB1D0F8C43202
:100700001BB194F80002FF2801D1002010BD9B68A6
:10071000214694F801229847FF2384F80032F4E739
:100720000320F3E70A23038000487047C401002434
:1007300070B5832106460F48FFF7DCF80121054616
:100740000C48FFF7D7F8822104460A48FFF7D2F891
:100750000DB11022AA711CB14022227100226271D7
:1007600018B14022027100224271432301483380B4
:1007700070BD00BFC000002470B5832106460F483D
:10078000FFF7B8F8012105460C48FFF7B3F88221BE
:1007900004460A48FFF7AEF80DB11022AA711CB149
:1007A000402222710022627118B14022027100229F
:1007B000427143230148338070BD00BF040100240F
:1007C00070B5832106460F48FFF794F801210546CE
:1007D0000C48FFF78FF8822104460A48FFF78AF891
:1007E0000DB11022AA711CB1002222710222627185
:1007F00018B1002202710222427143230148338062
:1008000070BD00BF4801002438B5D0F8D43204468A
:10081000B03350F823508DB1FFF7CFFCD4F8D43269
:10082000C5F80C0205F5037104EB8304D5F8040246
:10083000D4F8C432DB689847002038BD0320FCE7B9
:10084000F8B5D0F8D4620A4600EB8606D6F8C05256
:1008500035B301F00F0C142707FB0C07BB698BB1F4
:10086000D0F8C8424FF0240E0EFB0C44E469B3FBF1
:10087000F4FC04FB1C332BB91A46BB61FFF78FFC59
:100880000020F8BD0023C5F81432D6F8C4321B6925
:10089000002BF5D005F50471D5F808029847EFE76D
:1008A0000320EEE7D0F8D43200EB8303F7B5002243
:1008B000D3F8C06204460D468DF80520ADF8062039
:1008C000002E65D091F800C01CF0600229D0202ACB
:1008D0005AD1CA884F78F2B11CF0800F0ED0D3F8ED
:1008E000C432314638469B689847EA883146072A21
:1008F00028BF07222046FFF787FA09E0402A314641
:1009000086F8007228BF402286F80122FFF791FA8C
:10091000002003B0F0BDD3F8C43238469B68984736
:10092000F6E74B780B2B2FD801A252F823F000BF2B
:1009300061090108110901088909010889090108EB
:10094000890901088909010889090108890901083B
:10095000890901088909010871090108810901084B
:1009600090F89C32032B0FD102220DF10601C1E752
:1009700090F89C32032B07D101220DF10501B9E754
:1009800090F89C32032BC3D029462046FFF710FA7B
:100990000320BEE738B5044600258221FFF7D1FBCE
:1009A00001212046A4F84C50FFF7CBFB83212046C1
:1009B000A4F87851FFF7C5FBD4F8D432256604EBD0
:1009C0008303D3F8C02252B1D3F8C4325B6898478E
:1009D000D4F8D432B03344F82350C4F8BC520020C9
:1009E00038BD0000F8B52D4D04464FF407720021C4
:1009F000284601F0EDF8D4F8D432B03344F823504F
:100A0000237CC4F8BC52CBBB4FF40073822102227A
:100A10002046FFF78CFB01214FF40073A4F84C1023
:100A200002222046FFF783FB0126102303228321A5
:100A30002046A4F862300823A4F878610027FFF765
:100A400076FBD4F8D432A4F8606004EB8303C5F8D5
:100A50000472D3F8C4321B689847D5F80422C5F84D
:100A60001472C5F81872B2B1237C93B94FF40073B5
:100A700031462046FFF79AFB0020F8BD4023822133
:100A800002222046FFF753FB01214023A4F84C101B
:100A9000C6E74023ECE70220EFE700BF581E04241E
:100AA00039B1D0F8D43200EB8300C0F8C412002072
:100AB000704703207047D0F8D432B03350F8233059
:100AC0002BB10020C3F80812C3F81022704703208E
:100AD0007047D0F8D432B03350F823301BB1002027
:100AE000C3F80412704703207047D0F8D432B033F3
:100AF00050F8232010B57AB1D2F8144201236CB912
:100B0000C2F814328221D2F81032D2F808220364DB
:100B1000FFF745FB204610BD0320FCE71846FAE727
:100B2000D0F8D422B03250F8222008B562B1037C4C
:100B3000D2F8042233B94FF400730121FFF736FBDA
:100B4000002008BD4023F8E70320FAE7D0F8D422BC
:100B5000B03208B550F8223033B1002301211A46D3
:100B6000FFF724FB002008BD0320FCE700207047AE
:100B700021280ED022281DD0202808D10A68184B21
:100B80001A600A791A714A795A718A799A71002021
:100B90007047134B1A680A701A68120A4A705A880A
:100BA0008A70DA78CA701A790A715A794A719B790F
:100BB0008B71ECE70B4A4B8812780B49002A14BF63
:100BC0001A46012202F001020A700A7812B1074A9D
:100BD00000211160C3F34003054A1370D7E700BF3B
:100BE000D0010024ED010024792004247420042481
:100BF0007820042408B50948FFF775FB0848FFF77B
:100C0000E1FB084B012206481A70FFF7E4FB01469E
:100C10000548FFF75EFF002008BD00BF4021042407
:100C20007A200424EC010024C821042410B50C4CC3
:100C300022789AB90B490C48FEF7D2FC70B90B49DF
:100C40000948FEF7E0FC48B909490748FFF728FFC3
:100C500020B90548FEF7F0FC0123237010BD00BF4A
:100C6000C6210424A0000024C82104248C010024EF
:100C7000D80100240A4B10B51C6814B1F5F76EF8C2
:100C8000041B084B93F89C32032B07D1022C05D888
:100C9000054B1878C0B200F0010010BD0020FAE743
:100CA00074200424C82104247920042437B50F4C6F
:100CB000D4F8BC32D3F81432ABB90DF106010C48AC
:100CC000FFF75BFBBDF80630054663B1F5F746F864
:100CD000084BBDF80620294618602046FFF7EBFEBA
:100CE0002046FFF702FF03B030BD00BFC821042437
:100CF000402104247420042410B5054B0024054829
:100D00001C60FFF755FBFFF7D1FF204610BD00BF69
:100D1000742004244021042438B50A4D2B780BB1EB
:100D2000002038BD0848FFF756FB01460028F7D0E1
:100D3000012406482C70FFF7CCFE0448FFF7F0FEB4
:100D40002046EEE7EC0100247A200424C821042484
:100D500008B509880648FFF777FB064B00221A7092
:100D6000FFF7DAFF10B90448FFF7F0FE002008BDD6
:100D70007A200424EC010024C82104242DE9F04148
:100D800016461C46454A01230D4600210746DDF85C
:100D90001880C0E92823A02200F01AFFF3B2202B0C
:100DA0002CD83F4A06F4E06652F823301E43EBB2DB
:100DB000C7F88C60202B35D8394A05F4E06552F825
:100DC00023301D43E3B2C7F89050202B3ED8344A5D
:100DD00004F4E06452F823301C435FFA88F2C7F849
:100DE0009440202A46D82E4908F4E06351F8222086
:100DF00013433846C7F89830BDE8F08106F0C002CA
:100E0000C02A0CD1CB2B0AD806F03F02254B06F4A2
:100E1000E06653F82220224B53F82230C6E74FF009
:100E2000FF36C4E705F0C002C02A0CD1CB2B0AD88C
:100E300005F03F021B4B05F4E06553F82220184BE8
:100E400053F82230BDE74FF0FF35BBE704F0C00296
:100E5000C02A0CD1CB2B0AD804F03F02114B04F46A
:100E6000E06453F822200E4B53F82230B4E74FF0E1
:100E7000FF34B2E708F0C003C02B0CD1CB2A0AD84C
:100E800008F03F02074B53F8221008F4E063044ACD
:100E900052F82120ACE74FF0FF33AAE700093D00EC
:100EA0007C6901084C690108212307B509220093D8
:100EB0000A2108230248FFF761FF03B05DF804FB35
:100EC000A4240424000000002DE9F047CCB04C22FB
:100ED000002101AC09A800F07BFE20220021204661
:100EE00000F076FEC02200211CA800F071FE022056
:100EF000F8F77AFF00236A460093454B996941F45D
:100F000040419961996901F4404100914149C86AA1
:100F100040F00100C862C96A01F001010091126845
:100F20009A699704FCD53C4A4FF48038042702257F
:100F3000936A4FF0080909A823F0030343F0020362
:100F4000936221231695CDE9093801230F93C82315
:100F5000CDE914730523CDE917350023CDE91255EA
:100F6000CDE919931B93F9F77FF800B1FEE73F260F
:100F700003234FF4806A2946C4E900634026C4E98C
:100F800002092046C4E90466C4E906A6F9F7B6FBDF
:100F900000B1FEE71CA3D3E9002306212590309081
:100FA0003D901E97CDF81481CDE91C23642340F2B7
:100FB0002712CDE91F390A23CDE921358023CDE958
:100FC0002330CDE932534FF4805334934FF4807380
:100FD000CDE92612429320224FF44013CDE92C0094
:100FE000CDE92E50CDE93A001CA83E93CDE9286703
:100FF000CDE92A2AF9F7C8FD00B1FEE7F8F718FF96
:101000004CB0BDE8F08700BF09130F0300000000DB
:1010100000480258000400580044025870B50546C4
:101020000C46084649B1EFF737F92B6802462146CE
:1010300028465B68BDE87040184770BD03681B68B0
:1010400018470000024908B5FFF7E8FF08BD00BFD8
:101050008C37010830B5012A8BB00C464FF00003E5
:1010600098BF0A2209A98DF824302546B4FBF2F472
:1010700004FB125303F0FF03092B94BF30333733C3
:10108000AA42DBB201F8013DEFD9FFF7C7FF0BB071
:1010900030BD0000B4EE400A70B5F1EE10FA06461D
:1010A0000D462DED048BB0EE408A07D73449FFF78B
:1010B000B5FF04462046BDEC048B70BDF0EEC07A4F
:1010C0009FED307AF4EE477AF1EE10FA01DD2E4909
:1010D000EDE7DFED2E7AB4EEE70AF1EE10FA02DD6D
:1010E0002B493046E3E7DFED2B7AB4EEE70AF1EE69
:1010F00010FAF5D4B5EEC00AF1EE10FA39D52D216B
:10110000B1EE488AFFF79AFF0446F6EE007A002314
:10111000B2EE047ADAB295422DD838EE278A0A2246
:101120003046FCEEC88A18EE901AFFF793FF04448D
:10113000002DBFD0F8EE688A2E213046B2EE049A18
:10114000FFF77CFF044438EE688A002DB2D028EE09
:10115000098A0A223046013DFCEEC88AEDB218EE3B
:10116000901AFFF777FFF8EE688A044438EE688A31
:10117000EBE70024C9E7C7EE877A0133CAE700BF6F
:101180008F370108FFFF7F7F93370108FFFF7F4FF5
:1011900097370108FFFF7FCF38B5C9B20546FFF783
:1011A00079FF04462846FFF74DFF204438BD10B5AF
:1011B000044600F06BFAE060236820465B699847BC
:1011C000002808DA00F062FAE368C01AA3689842BF
:1011D000F2D34FF0FF3010BDF8B507460D468E181C
:1011E0000C46B44201D1601BF8BD3846FFF7DFFF63
:1011F000431CF8D004F8010BF3E72DE9F041074652
:10120000884616461D4673B100243846FFF7CFFFC7
:10121000431C05D0404503D030550134A542F4D1DC
:101220002046BDE8F0811C46FAE7704703460846B1
:10123000F0B58BB069B3911E222931D80A2A06D1A4
:10124000002B04DA5B42012601AD29460EE00026A0
:10125000FAE7B3FBF2F402FB14372346092FFCB282
:1012600094BF30345734E4B201F8014B002BF0D175
:10127000A942EED0034616B12D2203F8012B5C1EC5
:101280000A46AA4207D84A1B8D4288BF0022002185
:1012900099540BB0F0BD12F8016D04F8016FF0E73E
:1012A0000020F6E7FFF7C2BF032070B5F5F756FC44
:1012B000214B5A6912F4003211D1BFF34F8FBFF3A3
:1012C0006F8FC3F85022BFF34F8FBFF36F8F5A69F0
:1012D00042F400325A61BFF34F8FBFF36F8F164A4B
:1012E000536913F4803323D1C2F88430BFF34F8F96
:1012F000D2F8803043F6E074C3F3C900C3F34E3331
:101300005B0103EA0406014646EA81750139C2F829
:101310006052F9D2203B13F1200FF2D1BFF34F8F6F
:10132000536943F480335361BFF34F8FBFF36F8F23
:10133000BDE8704000F0D4B900ED00E008B5AFF3AF
:101340000080F0F785F8EFF79DFD00F0AFF9FAE7C0
:10135000C0F3031203460A2A10B50ED8084A00202B
:10136000D9B252F8044B8C4203D103F4E063184322
:1013700010BD01302128F4D1FAE72120F8E700BFA1
:101380007C6901080246C0B20B2810B517D8254960
:1013900002F4E06351F820100B43C9B220291CD994
:1013A00003F0C004C02C01D1CB291FD9A2F1CC037A
:1013B000022B94BF02F635704FF0FF3015E002F0BB
:1013C000C003C02BF2D1CB28F0D802F03F0415495E
:1013D00002F4E06351F82410DEE7134803F4E063FD
:1013E00050F821001843431CE0D010BD03F03F0328
:1013F0000C490B2851F823400B4B53F8243007D8E5
:1014000051F82010114301F4E06143EA0100EAE7DA
:1014100002F0C000C02802D102F03F00F0E74FF414
:10142000E061F2E74C6901087C690108DFF838D017
:10143000FDF770FCFDF7F6FB0C480D490D4A002343
:1014400002E0D458C4500433C4188C42F9D30A4A79
:101450000A4C002301E013600432A242FBD300F0E7
:10146000D5FBFFF76BFF7047000008240000002445
:1014700048020024486E010848020024242804245D
:10148000FEE791420FD008D9891A01238B40984278
:1014900008D30130C8400138704720B10130521ADA
:1014A0009040F8E70020704710B5FFF76BFF431C32
:1014B0000AD0064C2168FDF783F8054B21681A68AD
:1014C000BDE81040FFF7DDBF002010BDF001002493
:1014D000F4010024C3B2202B2DE9F0410D462AD897
:1014E0002C4A00F4E06452F823301C43621C4ED0B6
:1014F000C4F30317284E04F00F0856F8273023FAD8
:1015000008F3DB0710D525492046FDF79FFA18B3ED
:101510002046FCF7ADFF012256F8273002FA08F208
:1015200023EA020346F82730052D1FD8DFE805F02F
:101530001F2B2527292D00F0C002C02A27D1CB2B35
:1015400025D8174B00F03F0200F4E06453F8222046
:10155000104B53F82230C8E712492046FDF776FABF
:101560000028D8D02046FDF7EFF8D4E7FEE70021A9
:101570002046BDE8F041FDF779BA1021F8E72021B7
:10158000F6E70321F4E70121F2E70921F0E7BDE8DE
:10159000F08100BF7C6901084C250424FC67010828
:1015A0004C690108E0650108C3B2202B17D8154A21
:1015B00000F4E06052F823301843431C0ED0C0F30F
:1015C000031300F00F000A2B96BF0F4A002252F8B7
:1015D00023200E4B53F8203091B19361704700F0F7
:1015E000C002C02AFAD1CB2BF8D800F03F02084B3A
:1015F00000F4E06053F82220024B53F82230DBE77E
:101600001B04EAE77C69010810000024AC630108B0
:101610004C690108C3B2202B19D8184A00F4E060C5
:1016200052F823301843431C22D0C0F303130A2B73
:1016300020D8134A00F00F0052F82320114B1269F2
:1016400053F8203093430CBF01200020704700F076
:10165000C002C02A0CD1CB2B0AD800F03F020A4BA3
:1016600000F4E06053F82220044B53F82230D9E70D
:101670000020704700231B69FFDE00BF7C69010862
:1016800010000024AC6301084C690108FDF788B81C
:1016900038B5044648B1FDF783F80546FFF7C5FDA8
:1016A000FDF77EF8431BA342F8D338BD08B5084BBD
:1016B0002BB1084800F016F808B1AFF30080064BD4
:1016C0002BB10648FDF706FF08B1AFF3008008BD57
:1016D00000000000782504240000000060170424A6
:1016E000FDF7CAB8B0F85431B0F85021981A00F09C
:1016F0003F007047B0F85431B0F850219BB293428C
:101700001ABFD0F84831985C4FF0FF30704790F81E
:101710005231B0F85601C0B2834227BFC3F13F0334
:10172000C018C01A00F1FF307047036807B55B6846
:1017300001228DF807100DF10701984703B05DF8FD
:1017400004FB0000B0F8C220D0F8C41011FA82F2F5
:1017500002F03F0210B5A0F8C220B0F8C210B0F8F5
:10176000BE2089B28A421BD0B0F8C2404032B0F8E5
:10177000C210A4B289B2121BC1F14001544202F05E
:101780003F0204F03F0458BF62428A4228BF0A4623
:101790000449C0F8C420FDF787FD4FF0FF3010BDAD
:1017A0000020FCE7451701082DE9F84303680446CB
:1017B000884616469B6898470123B4F852718146C3
:1017C0002374D4F83831C7F14007013309D194F8B4
:1017D0005C3133B1002304F1940084F85C31FDF7EF
:1017E00085FD236820469B6898470028F9D0354638
:1017F000BD4225D84D4523D8B4F85231D4F84C0118
:101800005A191844402A30D82F462A46414600F03B
:1018100023FAB4F852311D4405F03F05A4F85251A3
:1018200004F194052846FDF72DFD30B93A461649D6
:101830002846C4F85871FDF737FD3046BDE8F883F7
:101840004F4523684146204628BF4F465B683A46CD
:10185000ED1B984723682046B8449B689847B4F826
:1018600052718146C7F14007C2E7C3F140074146C4
:101870003A4600F0F1F9EA1B08EB0701D4F84C01F5
:1018800000F0EAF9C5E700BF45170108C0F83C3190
:10189000914208BF4FF0FF31009BC0F8403100F18A
:1018A0001103C0E94D21C0F8483100F15102002375
:1018B000A0F85431A0F85631C0E953237047000016
:1018C000F7B54FF47A7316460022184F0D460446BA
:1018D0001749C0E90123174B03604FF0FF33C0F8ED
:1018E0003831786BFDF76CF9854213D1BB6BC4F8C6
:1018F00038317A6B012E4FF0FF33204608BFC4F811
:10190000383100934FF0FF33D4F83811FFF7BEFFA2
:1019100003B0F0BD08492846FDF763F90449C4F84F
:1019200038012846FDF75DF90246E3E77C690108C6
:1019300050650108086A0108C0640108037C70B59D
:1019400004460D46A3B1F4F709FA0646B4F852214D
:10195000B4F856319BB29A420AD0002DF8D0F4F771
:10196000FDF9801B8542F1D8B4F85631A4F8523104
:1019700070BD0021FFF7E2BFD0F83831013310B558
:1019800004460ED10368DB68984794F85C3143B98C
:10199000012304F1940084F85C31BDE81040FDF7A8
:1019A000B5BC10BD10B50446FFF7E6FFB4F85421EE
:1019B000B4F8503192B29A4217BFD4F848214FF090
:1019C000FF30D05C01331CBF03F03F03A4F850315B
:1019D00010BD0000002202490248FFF771BF00BF9E
:1019E0000010014078250424024B0146186800F0DD
:1019F0002DB800BFF8010024024B0146186800F022
:101A000039B900BFF801002470B50F4E0C4631689B
:101A1000054611B900F0E4F830602146284600F090
:101A2000DFF8431C03D14FF0FF34204670BDC41CC7
:101A300024F00304A042F8D0211A284600F0D0F880
:101A40000130F2D1EFE700BFDC2604242DE9F84392
:101A5000CD1C25F0030508350C2D38BF0C25002DB5
:101A6000064601DBA94204D90C2333600020BDE8FF
:101A7000F883DFF8D48000F069F8D8F800301C460D
:101A800044BB29463046FFF7BFFF431C044658D1EC
:101A9000D8F800402746002F43D1002C4BD02368B4
:101AA0003946304604EB030900F09AF8814542D1EB
:101AB00021686D1A29463046FFF7A6FF01303AD05B
:101AC00023682B442360D8F800305A6862BBC8F8FA
:101AD00000700FE02268521B20D40B2A17D961191D
:101AE000A342256018BF5960636808BFC8F800109A
:101AF00062514B60304600F02FF804F10B00231DBB
:101B000020F00700C21A1CBF1B1AA350AFE762687F
:101B1000A3420CBFC8F800205A60EBE72346646874
:101B2000AEE73C467F68B6E71A465B68A342FBD146
:101B300000235360DEE70C233360304600F00CF8DE
:101B400094E70560D6E700BFE0260424014800F0D2
:101B500081B800BF1C280424014800F07CB800BFF5
:101B60001C280424024B0A460146186800F002B8FB
:101B7000F80100242DE9F041074614460D4621B92D
:101B8000BDE8F0411146FFF761BF2AB900F072F8D5
:101B900025462846BDE8F08100F0B6F884420646A6
:101BA00002D8B4EB500FF4D821463846FFF74EFF69
:101BB000804608B94546ECE7B4422246294628BF8C
:101BC000324600F049F82946384600F053F8F1E76C
:101BD00002440346934200D1704703F8011BF9E722
:101BE00038B5064D0023044608462B60FBF762FD1E
:101BF000431C02D12B6803B1236038BD2028042484
:101C0000014B1868704700BFF801002470B50D4BF8
:101C10000D4D5B1B9C100026A64209D101F0FEFA77
:101C20000A4D0B4B5B1B9C100026A64205D170BDD4
:101C300055F8043B98470136EEE755F8043B9847C2
:101C40000136F2E7046E0108046E0108046E010813
:101C5000386E0108704770470A44914200F1FF3323
:101C600000D1704710B511F8014B03F8014F9142B4
:101C7000F9D110BD38B50546002941D051F8043CD2
:101C80000C1F002BB8BFE418FFF760FF1D4A136854
:101C900033B9636014602846BDE83840FFF75CBF85
:101CA000A34208D9206821188B4201BF19685B68DC
:101CB00009182160EDE71A465B680BB1A342FAD917
:101CC00011685018A0420BD120680144501883427B
:101CD0001160E0D118685B68536008441060DAE76F
:101CE00002D90C232B60D6E7206821188B4204BF51
:101CF00019685B68636004BF091821605460CAE713
:101D000038BD00BFE026042451F8043C181F002B06
:101D1000BCBF0B58C018704708B5062000F02CF85F
:101D20000120FBF7E5FC1F2938B505460C4604D910
:101D3000162303604FF0FF3038BDC26B12B152F86A
:101D400021304BB9284600F031F82246014628469A
:101D5000BDE8384000F018B8012B0AD0591C03D157
:101D6000162303600120E7E7002142F824102046F3
:101D700098470020E0E70000024B01461868FFF793
:101D8000D2BF00BFF801002438B5074D0023044638
:101D9000084611462B60FBF7ADFC431C02D12B68B3
:101DA00003B1236038BD00BF20280424FBF7AABC80
:101DB00008B52DED048BB0EE608AB0EE409A00F0CD
:101DC0006FF9B4EE488AF1EE10FAF0EE408A0BD6C5
:101DD000B5EE409AF1EE10FA17D1B5EE408AF1EE69
:101DE00010FA06D1F7EE008AB0EE680ABDEC048B5B
:101DF00008BDB0EE480A00F039F80028F4D0B5EE7E
:101E0000C08AF1EE10FAEFD525E000F02FF888B186
:101E1000F5EE408AF1EE10FAE6D1B0EE490A00F094
:101E200025F80028E0D0B0EE480A00F01FF800289E
:101E3000DAD010E0B0EE490A00F018F80028E7D038
:101E4000B0EE480A00F012F80028E1D0F4EE688AFB
:101E5000F1EE10FA04D6FFF7D3FE22230360C3E7A6
:101E6000FFF7CEFE21230360BEE700BF10EE103A5D
:101E700023F00040B0F1FF4F2CBF0020012070473D
:101E800010EE103A23F0004300EE103A704700BF06
:101E900010EE103A194923F000428A421BD9B2F1E0
:101EA000FF4F02D330EE400A704700B583B068465A
:101EB00000F09CFC00F0030001289DED000ADDED20
:101EC000010A13D002280BD098B9012000F09CF829
:101ED00003B05DF804FBDFED0A0A002000F094B8BF
:101EE000012000F091F8B1EE400AF1E700F00AF8A5
:101EF000EEE700F007F8B1EE400AE9E7D80F493FF6
:101F00000000000010EE103A23F00043B3F1485FE8
:101F10002CD2FDEEC07A17EE903A002B60D060EE26
:101F2000007A9FED317A9FED315ADFED315A9FED06
:101F3000316ADFED316AA7EE875A9FED307AE7EE1E
:101F4000855AA7EEA56AA7EE867AE7EE876A67EE5E
:101F5000A66A60EEC00AB6EE007AE7EEA60AB7EE11
:101F6000000AD7EE870A30EE600A704760EE007A0A
:101F70009FED1D7A9FED1D5ADFED1D5A9FED1D6AE5
:101F8000DFED1D6A1E4AA7EE875A93429FED1B7A2A
:101F9000E5EE275AA5EEA76AA6EE277AE7EE276AAE
:101FA00066EEA76AD5D9174A934214D803F17F4346
:101FB00007EE103AB7EE006A36EE476A60EEC00AE6
:101FC000F6EE005A97EEA57AE7EEA60A37EE607AAB
:101FD00036EE470A7047B6EE076AB5EE027AEDE7CD
:101FE000B7EE000A704700BF4ED747ADF6740F3109
:101FF0007CF293B4010DD037ABAA2A3D610BB6BA7F
:102000009999993E0000483F10EE103A23F00043A2
:10201000B3F1485F04D2FDEEC07A17EE903A5BB39D
:1020200060EE007A9FED157ADFED155A9FED156A87
:10203000DFED156AE7EE875A9FED147AA5EEA76AE1
:1020400020EE275AE6EE276AA6EEA77A30B9DFED32
:10205000106AE7EE876AA6EE850A704727EE457A92
:10206000F6EE006AA0EEA67ADFED0A6AD7EE270A3E
:10207000E5EE260A30EE600A704700BFD3C92E2F66
:10208000342FD7B21BEF3836010D50B98988083C80
:10209000ABAA2ABEABAA2A3EB1EEC00A704700BF67
:1020A0002DE9F0432DED028B83B0CDED010A8DEDCE
:1020B000000ADDE9004535F0004610D184F48004C3
:1020C000640014F5000F18D9DDED007A9DED017A5A
:1020D00037EE870A03B0BDEC028BBDE8F08324F035
:1020E0000047B7F1FF4F0FD9B4F17E5FECD185F413
:1020F00080056D0015F5000FE6D8B7EE000A03B0B5
:10210000BDEC028BBDE8F083B6F1FF4FECD8002C9C
:10211000B84616DBB6F1FF4F00F0F680B6F17E5FF1
:1021200000F01D81B5F1804F00F04C81B5F17C5F6E
:1021300040F0348103B0BDEC028BBDE8F043FFF703
:10214000ABBFB6F1974F80F0E980B6F17E5F80F0CB
:102150001581B5F1804F00F03581B5F17C5F00F05D
:102160003482FFF78DFEB7F1FF4F4FF0000900F00A
:10217000E080002F00F01C81B7F17E5F00F0188135
:10218000E20F013A59EA020300F02181B6F19A4FB9
:1021900040F24481914B9F4240F25882904B9F42C3
:1021A00000F26182F7EE007A30EE670A9FED8D6AE9
:1021B0009FED8D7ADFED8D5AF5EE007AA0EE676A1D
:1021C000F6EE006AE6EE406A60EE007A9FED886AFD
:1021D00067EEA67A27EE677AA0EE257AF0EE476AD8
:1021E000E0EE066A16EE903A6FF30B0306EE903AB5
:1021F000F0EE667AE0EE467A37EE677A6FF30B051B
:1022000007EE905A9DED016ADDED015A36EE676AE0
:1022100027EE257A66EEA77AA6EE267A09F1FF392F
:1022200059EA0209BFEE008A77EE276AB7EE006A24
:1022300016EE903A18BFB0EE468A002B23F000420B
:1022400040F3D381B2F1864F00F2528200F0368221
:10225000B2F17C5F00F21A82002210466FF30E0387
:1022600006EE103ADFED636ADFED633A9FED634AF5
:102270009FED632ADFED634A9FED635ADFED635AFA
:1022800076EE677AB0EE003A37EE677A66EE267A37
:10229000DFED5F6AE7EE267AB7EE000AB0EE677A06
:1022A000A6EE237A67EE076AF0EE472AE6EE632A87
:1022B000B0EE446AA6EE826A77EEE27AE6EE264A4D
:1022C000B0EE456AA4EEA66AE7EE277AE6EE265A55
:1022D000B0EE476AA5EEE66A67EE065A36EE436A46
:1022E000C5EE866A76EEE77A77EEC77A30EE670A51
:1022F00010EE103A1344B3F5000FC0F2B18100EEB6
:10230000103A20EE080AE5E6B7F17E5F3FF4F5AE3D
:102310002DD9002D28DB9DED010ADBE6B6F1FF4F3C
:10232000F2D0FFF7ADFDB7F1FF4F4FF002097FF498
:1023300020AF002D06DAF7EE007A87EE800A002C37
:10234000BFF6C8AEA7F17E5757EA090700F025810E
:10235000B9F1010F7FF4BEAEB1EE400ABAE6002D2E
:1023600029DB9DED000AB5E69FED2A0AB2E6002DB5
:10237000FADADDED017AB1EE670AABE6F315C3F1E7
:10238000960346FA03F202FA03F3B34200F00A811D
:10239000B6F17E5FE3D0B5F1804F13D09DED000A1A
:1023A000FFF76EFDB7F1FF4F4FF000097FF4E1AE8C
:1023B000002DC0DBC3E79DED007AF7EE007A87EED3
:1023C000870A87E6DDED007A27EEA70A82E6DDEDD3
:1023D000007A77EEE77A87EEA70A7BE6F3FF7F3F86
:1023E0000700803FABAAAA3E3BAAB83F70A5EC36D7
:1023F00000AAB83F8CBEBF350072313F0EEADDB592
:102400004CBB313355B38A38610B36BBABAA2A3E7D
:102410001872313F000000000000804B14F0FF4FA5
:1024200040F012815FED047A60EE277A6FF01701B9
:1024300017EE908AB6484FEAE853C8F316087F3B78
:1024400080450B4448F07E5140F3F680B14880450A
:1024500040F31381DFEDB04A0133F0EE643AA1F5A9
:102460000001F7EE005A002006EE901A76EEA57AEB
:10247000B7EE007A87EE278A07EE903AA74BDFED9A
:10248000A81A9FEDA80ADFEDA80A9FEDA81A9FEDF4
:10249000A85A9FEDA82A03EA610343F0005303F50D
:1024A0008003034436EEE56AB8EEE77A07EE903A29
:1024B00066EE082A77EEE55A12EE903A36EEE54AD5
:1024C00062EEA26AF0EE605AA6EEA10A6FF30B0369
:1024D000B0EE083AE0EE265ADFED971AA5EEA61AFE
:1024E000F0EE455AE1EE265AB0EE435AA5EEA62A82
:1024F00066EEA65A06EE903AA6EEE76A72EEA67A65
:10250000A6EEC46AA6EEA65A26EE086A9FED8B1ABE
:102510009FED8B4A67EE867AE5EE827A75EE275A52
:1025200015EE903A6FF30B0305EE903A35EEC35A71
:10253000A6EEE65A77EEC57A67EEA27AE6EE257A3F
:10254000B0EE676AA6EEA56A16EE103A6FF30B03BB
:1025500006EE103AB0EE465AA6EEE55A77EEC57A88
:1025600067EEA17AE6EE017A77EEA37AF0EE676A7B
:10257000E6EE046A76EEA46A76EE876A16EE903A84
:102580006FF30B0306EE903A36EEC77A37EE647AB5
:10259000A6EE447A37EEC77A30E670EE407A87EEE0
:1025A000A70A97E5B6F17E5F3FF4D9AEB5F1804F4B
:1025B0003FF408AF02F00102C2F10209FFF760FC2C
:1025C000B7F1FF4F7FF4D5ADB3E6FFF759FCB7F194
:1025D000FF4F3FF47FAD002F3FF47CADB7F17E5F3E
:1025E0007FF4F5AE4FF00009ACE656498A4200F29E
:1025F00087807FF42DAE76EEE76AF4EEC76AF1EEDF
:1026000010FA7DDA03F500434F4AC3F3C7517F390F
:10261000C3F316000A4140F40000C1F117011A404B
:102620000841404206EE902A77EEE67AC20577EE40
:10263000276A16EE903A11E6DFED374AF7EE005AB8
:10264000F0EE643A00200FE70021F3E6002D0CDBEA
:10265000002003B0BDEC028BBDE8F04300F01ABAD5
:1026600000F024FA4DE6002DF2DD002003B0BDECB1
:10267000028BBDE8F04300F013BADFED344ADFED22
:10268000343AF7EE085A4FF40010EDE6D2157E3AD0
:102690004FF40001114119442B4AC1F3C7547F3C48
:1026A000C1F31600224140F40000C4F11704002BCE
:1026B00040FA04F002EA0102B4DAB2E79FED256ABB
:1026C00076EEE76A37EE066AB4EEE66AF1EE10FAE5
:1026D0000EDC03F500431C4AD9157F39C3F31600FD
:1026E0000A4140F40000C1F117011A40084199E77E
:1026F000B5EEC08AF1EE10FA4CBF01200020B5E71C
:10270000B5EEC08AF1EE10FA4CBF01200020A0E720
:1027100071C41C00D6B35D000000000000F0FFDFB4
:1027200042F1533E55326C3E05A38B3EABAAAA3E06
:10273000B76DDB3E9A99193F4F38763FC623F6B8FE
:102740000040763F00001643000080FF00C0153FA8
:10275000DCCFD1353CAA383310EE102AC2F3C75370
:102760007F3B162B22F000411BDC002B10461EDBAA
:102770001A4919410A4223D0DFED197A70EE277AFF
:10278000F5EEC07AF1EE10FA1ADD002A04DA4FF401
:10279000000242FA03F3184420EA010300EE103A63
:1027A0007047B1F1FF4F0BD330EE000A7047DFEDF9
:1027B0000C7A70EE277AF5EEC07AF1EE10FA00DCB2
:1027C0007047002A02DB9FED070A704711B99FEDA1
:1027D000060A7047BFEE000AF2E700BFFFFF7F0066
:1027E000CAF24971000000000000008070B510EED0
:1027F000103A8B4A23F00044944286B0054671D9C2
:10280000884A94421E4624D823F00042002BDFED74
:10281000867A864922F00F02B0EE407A40F3E680D5
:102820008A4270EE677A09BF9FED817ADFED816A97
:10283000DFED816A77EEC77A37EEE67A77EEC77A10
:1028400080ED007A77EEE67AC0ED017A012006B0DD
:1028500070BD7A4A944253D9B4F1FF4F49D2E21580
:10286000863AA4EBC25307EE903ABDEEE77ADFED6D
:10287000746AB8EEC77A77EEC77A8DED037A67EEA1
:10288000A67ABDEEE77AB8EEC77A77EEC77A8DED15
:10289000047A67EEA67AF5EE407AF1EE10FACDED05
:1028A000057A40F08E80B5EE407AF1EE10FA40F0F5
:1028B0008A800123634901910221009103A82946DE
:1028C00000F062F9002EC2DA95ED007AD5ED017ABA
:1028D000B1EE477AF1EE677A85ED007AC5ED017ABF
:1028E0004042B4E7002285ED000A4260002006B0B5
:1028F00070BD70EE407AC0ED017AC0ED007AF5E768
:10290000FFF7BEFA9FED507A9FED476AF6EE007A28
:10291000E0EE077A9FED477AFDEEE77AF8EEE76A98
:1029200017EE900AA6EEC60A1F2866EE877AB1EE69
:10293000666A30EE677A1EDC444A411E26F0004388
:1029400052F8212023F0FF03934214D085ED007A42
:1029500030EE470A002E30EE670A85ED010ABFF619
:1029600076AFB1EE477AB1EE400A85ED007A85ED9B
:10297000010A40426BE717EE103AC3F3C753C3EBAB
:10298000D453082B4FEAE452E0DD9FED297A9FED06
:102990002A5AF0EE405AE6EE075A70EE657AE6EEF5
:1029A000077AD6EE857A35EEE77A17EE103AC3F35A
:1029B000C753D21A192A08DCB0EE650A85ED007AF1
:1029C000C6E7032376E7022374E79FED217A9FEDA4
:1029D000215AB0EE650AA6EE070A75EEC07AE6EE59
:1029E000077AD6EE857A30EE677AAFE78A4270EEE4
:1029F000277A09BF9FED0E7ADFED0E6ADFED0E6AD2
:102A000077EE877A37EEA67A77EEC77A80ED007A8E
:102A100077EEA67AC0ED017A4FF0FF3017E700BFDE
:102A2000D80F493FE3CB1640800FC93FD00FC93FB5
:102A3000004435374344353708A3852E800F49437A
:102A400000008043AC6A010884F9223F2C6A010827
:102A500000A3852E32318D2410B52DED028BB0EE02
:102A6000408A0446FFF7CCF8B0EE480ABDEC028B72
:102A7000046010BD30B1F1EE407A27EE800A2220CA
:102A8000FFF7EABFF0EE407A27EE800A2220FFF738
:102A9000E3BF00BF9FED010AFFF7ECBF000000108D
:102AA0009FED010AFFF7E6BF0000007010EE103A3C
:102AB00033F000411A4625D0B1F1FF4F1FD213F079
:102AC000FF4F20D1DFED297A294A60EE277A904224
:102AD00017EE903A31DB4CF2503CC3F3C7516045DE
:102AE0001A46A1F1190114DD002BDFED227A9FEDCA
:102AF000210AB8BFDFED207A27EE800A704730EE5A
:102B0000000A704770474CF2503C60454FEAD15183
:102B1000EADC0144FE29E7DC002915DC11F1160F7F
:102B200019DB193122F0FF4242EAC15207EE902A26
:102B30009FED120A27EE800A7047DFED117A07EE4B
:102B4000103A27EE270A704722F0FF4242EAC153AB
:102B500000EE103A7047002BDFED097A9FED080A6E
:102B6000B8BFDFED087A27EE800A70470000004CFE
:102B7000B03CFFFFCAF24971CAF249F100000033CC
:102B80006042A20D6042A28D2DE9F04F2DED048B25
:102B9000DBB01C46944603930A46BA4B68991CF175
:102BA000040F53F82170824604F1FF39C0F25682B7
:102BB000BCF1030348BF0CF10403DB1002930133A3
:102BC0004FEAC30EACEB0E030593029B17EB090013
:102BD000A3EB090316D401309FEDAB7A699C18442E
:102BE0001EA9002BA4BF54F8235007EE905A03F1FE
:102BF0000103ACBFF8EEE77AF0EE477A8342E1ECEE
:102C0000017AEED1002FC0F2E28203991EA800EBF8
:102C100081004FEA81087E18002346AD4C460AEB3E
:102C20008101B9F1000F80F2C8800134B44245F847
:102C3000043B00F10400F4D10DF1280B0BEB8703EA
:102C4000CDE9062E043B9FED929ADFED908A059820
:102C500004930AEB080446AE0BEB87080097CDF807
:102C600020C00DEB8703002F93ED460A4FEA87053E
:102C700015DD73195A4660EE097AB0EE407AFDEE22
:102C8000E77A73ED016AF8EEE77AB342A7EEE87AE5
:102C900037EEA60ABDEEC77AA2EC017AEBD101901D
:102CA000FFF704FFF4EE007AB0EE408A20EE270A28
:102CB000FFF752FDF2EE007AA0EE678A0198002835
:102CC000FDEEC89AF8EEE97A38EE678A40F3828022
:102CD000791EC0F108035BF821E04EFA03FC0CFA00
:102CE00003F3AEEB030EC0F1070219EE903A4EFA71
:102CF00002F26344002A09EE903A4BF821E000F317
:102D0000AF80B5EE408AF1EE10FA74D1009B9F427D
:102D10000ADD5D44002355F8041D454543EA0103DF
:102D2000F9D1002B40F00281009B013B5BF823208E
:102D30007B1C9C46002A40F0F780049A012152F83F
:102D4000045D0131002DFAD03944029D039A05EB50
:102D5000030E0EF1804E699D0EF1FF3E3A4405EBE5
:102D60008E0E1EAD06EB830705EB8205DEED017AC4
:102D7000F8EEE77AB9F1000F0EF1040EE5EC017AF6
:102D8000DFED417A09DB2A465346F3EC016A32ED66
:102D9000017AA342E6EE877AF7D10CF1010C8C455B
:102DA000E7EC017AE2DD0F465BE70134B442E5EC83
:102DB000017A00F104003FF43FAFDFED337A834640
:102DC0005346F3EC016A3BED017A8B42E6EE877ADB
:102DD000F7D1EAE700F09180F6EE007AB4EEE78AE8
:102DE000F1EE10FA80F22981B5EE408AF1EE10FA88
:102DF0004FF000028AD09246DDE9062EDDF820C0B1
:102E00000197AEEB0C00B0EE480A009F0092FFF76E
:102E10004DFEDFED1E6AB4EEE60AF1EE10FADDE9D2
:102E20000023F0EE407AC0F29C819FED197A05995B
:102E300020EE077A0831BDEEC77A0591B8EEC77A61
:102E40005C1CE7EE667ABDEEC77AFDEEE77A17EE18
:102E5000901A4BF8231017EE103A4BF824307EE00E
:102E60000133002F09EE903A40F39D8159464FF00F
:102E7000000E51F8043B002B39D0C3F5807341F8A4
:102E8000043C0CE0F06D01080000000000008043ED
:102E90000000803B0B68C3F1FF0341F8043B0EF1D7
:102EA000010E7745F6DC01239E4600280BDD012844
:102EB00000F0BB80022806D1791E5BF8213003F0B8
:102EC0003F0C4BF821C0022A7FF41BAFB7EE000A7B
:102ED000734630EE488A002B3FF413AF09920190FD
:102EE000FFF7E4FD0198099A38EE408A09E70EF1F0
:102EF000010E7745BDDC9E46D7E77B1E5BF823209D
:102F0000D211002A7FF7FDAE19EE903A002F03F19F
:102F1000010309EE903AA9DC022A7FF4F2AEF7EE43
:102F2000007A37EEC88AECE619460EE73B46924631
:102F3000DDE905125C1EA1F108005BF82410009F7A
:102F4000059061B903F18043013B0BEB830301461C
:102F500053F8040D013C08390028F9D00591059873
:102F60000092B7EE000AFFF7A1FD002C009AB0EE28
:102F7000407AC0F22281601C46AD5FED3B6A810061
:102F80000BEB800305EB800073ED017AF8EEE77A36
:102F90005B4567EE877A27EE267A60ED017AF3D1FA
:102FA0000DF1C8080E1F2E44C646A4460025002F6A
:102FB0007DDBDFF85C92DFED957A3046002307E099
:102FC000F9EC016AB0EC017A9F42E6EE877A03DB06
:102FD000AB4203F10103F3DD0CF1FF3CBCF1FF3F19
:102FE000EEEC017A05F10105A6F10406E1D1689B3A
:102FF000022B6ADC002B36DC0ED1DFED847A4144F3
:1030000031ED017A414577EE877AF9D15346002BAD
:1030100040F0C680C2ED007A19EE903A03F0070046
:103020005BB0BDEC048BBDE8F08F791E5BF82130FE
:1030300003F07F0C4BF821C045E719EE903A002FC2
:1030400003F1010309EE903AC8BF02223FF70EAF29
:10305000F7EE007A37EEC88A022252E600234FF0DC
:10306000080E0293AEE5DDED327A9FED687A4144B9
:1030700071ED016A414537EE267AF9D15346002BAE
:1030800040F0848077EEC77A82ED007A64B133A98C
:103090000123B1EC017A01339C4277EE877AF8DAAA
:1030A00053460BB1F1EE677AC2ED017AB4E70CF149
:1030B000FF3C0023BCF1FF3F4EF8043B05F1010546
:1030C000A6F104067FF473AF91E7689B032BA3D1AD
:1030D000002C00F08C8008EB840595ED007AA000B0
:1030E0002B46294671ED017AF0EE476A37EE277AD2
:1030F000414577EEC77A81ED007A77EEA67AC1ED89
:10310000017AEFD1012C72D095ED007A08F104011B
:1031100073ED017AF0EE476A37EE277A994277EE3F
:10312000C77A83ED007A77EEA67AC3ED017AEFD104
:10313000031DDFED367A434408F1080833ED017AC8
:10314000984577EE877AF9D15346DDED326A9DEDE9
:10315000337A73B9C2ED006A82ED017AC2ED027A68
:103160005AE7FDEEC07A1C4617EE901A4BF8231072
:10317000F5E6F1EE666AB1EE477AF1EE677AC2EDF6
:10318000006A82ED017AC2ED027A45E7F1EE476A04
:1031900077EEC77AC2ED006A002C7FF478AF81E742
:1031A000F1EE677A36E7012815D002287FF4B4AE35
:1031B0000EF03F034BF82130AEE6689B022B12DC89
:1031C000002B17DC7FF428AFDFED107A1EE7039B9E
:1031D0004FEA830830E50EF07F03022A4BF82130D6
:1031E0007FF48FAD9BE6689B032B7FF415AFDFED7B
:1031F000077AA9E75346DDED327A1BB14FF0004361
:1032000013604FE7002313604EE700BF000000008B
:10321000C46D010808B5FEF77FFD0000F8B500BFDA
:10322000F8BC08BC9E467047F8B500BFF8BC08BCA7
:043230009E467047FF
:103234000000010001000100010001000100010083
:10324400010001000100010002000200020002006E
:103254000200020002000300030004000400050051
:103264000500060007000800080009000A000B001A
:103274000C000D000F0010001100120014001500C6
:10328400170019001A001C001E0020002200240050
:10329400260028002B002D003000320035003800B5
:1032A4003B003E004100440047004B004E005200EA
:1032B400550059005D006100650069006E007200F0
:1032C40077007B00800085008A008F0095009A00BB
:1032D4009F00A500AB00B100B700BD00C300CA0049
:1032E400D000D700DE00E500EC00F300FA00020194
:1032F4000A011101190122012A0132013B01440191
:103304004C0155015F01680171017B0185018F0149
:103314009901A301AE01B801C301CE01D901E501B0
:10332400F001FC010802140220022C0239024602B8
:10333400520260026D027A0288029602A402B2026C
:10334400C002CF02DE02ED02FC020B031B032B03BF
:103354003B034B035B036C037D038E039F03B003AA
:10336400C203D403E603F8030A041D04300443042F
:1033740056046A047E049204A604BA04CF04E40446
:10338400F9040E0524053A05500566057C059305E8
:10339400AA05C105D905F005080620063906510617
:1033A4006A0683069D06B606D006EA0605071F07C9
:1033B4003A07550771078C07A807C407E107FD07FB
:1033C4001A083708550872089008AF08CD08EC08A9
:1033D4000B092A094A096A098A09AA09CB09EC09CD
:1033E4000D0A2E0A500A720A940AB70ADA0AFD0A6A
:1033F400210B440B680B8D0BB10BD60BFB0B210C73
:10340400470C6D0C930CBA0CE10C080D300D580DE3
:10341400800DA80DD10DFA0D230E4D0E770EA10EC1
:10342400CC0EF70E220F4E0F7A0FA60FD20FFF0FFE
:103434000000010001000100010001000100010081
:10344400010001000100010002000200020002006C
:10345400020002000200030003000400040005004F
:103464000500060007000800080009000A000B0018
:103474000C000D000F0010001100120014001500C4
:10348400170019001A001C001E002000220024004E
:10349400260028002B002D003000320035003800B3
:1034A4003B003E004100440047004B004E005200E8
:1034B400550059005D006100650069006E007200EE
:1034C40077007B00800085008A008F0095009A00B9
:1034D4009F00A500AB00B100B700BD00C300CA0047
:1034E400D000D700DE00E500EC00F300FA00020192
:1034F4000A011101190122012A0132013B0144018F
:103504004C0155015F01680171017B0185018F0147
:103514009901A301AE01B801C301CE01D901E501AE
:10352400F001FC010802140220022C0239024602B6
:10353400520260026D027A0288029602A402B2026A
:10354400C002CF02DE02ED02FC020B031B032B03BD
:103554003B034B035B036C037D038E039F03B003A8
:10356400C203D403E603F8030A041D04300443042D
:1035740056046A047E049204A604BA04CF04E40444
:10358400F9040E0524053A05500566057C059305E6
:10359400AA05C105D905F005080620063906510615
:1035A4006A0683069D06B606D006EA0605071F07C7
:1035B4003A07550771078C07A807C407E107FD07F9
:1035C4001A083708550872089008AF08CD08EC08A7
:1035D4000B092A094A096A098A09AA09CB09EC09CB
:1035E4000D0A2E0A500A720A940AB70ADA0AFD0A68
:1035F400210B440B680B8D0BB10BD60BFB0B210C71
:10360400470C6D0C930CBA0CE10C080D300D580DE1
:10361400800DA80DD10DFA0D230E4D0E770EA10EBF
:10362400CC0EF70E220F4E0F7A0FA60FD20FFF0FFC
:10363400000301040205060700060C100309131613
:1036440000000000000000005D0C00083B0C0008B6
:10365400350C0008390C00080000000000000000D0
:103664005D0C00083B0C0008350C0008390C000800
:1036740016010000005400400A0400001600000077
:10368400001C00580A060000180000000054004006
:103694000A04000018010000001C00580A0600007B
:1036A40074000000005800400A040000FFFFFFFF00
:1036B400000000000000000017010000005400405A
:1036C4000A04000017000000001C00580A0600004D
:1036D40019000000005400400A0400001901000011
:1036E400001C00580A0600001B000000005800409F
:1036F4000A040000FFFFFFFF0000000000000000BC
:1037040001070D11040A14170002080E12050B1507
:10371400180053544D6963726F656C656374726FFE
:103724006E6963730044414953595F5345454420CE
:1037340043444320696E204853204D6F6465004420
:10374400414953595F534545442043444320696EDE
:10375400204653204D6F64650044414953595F53DB
:103764004545442043444320436F6E6669670044E3
:10377400414953595F534545442043444320496ECE
:1037840074657266616365000D0A006E616E00699E
:103794006E66006F766600000100020004000800F7
:1037A4001000200040008000000100020004000816
:1037B400001000200040008000000258000402585D
:1037C40000080258000C0258001002580014025855
:1037D40000180258001C0258002002580024025805
:1037E40000280258000000000000FA4500007A4654
:1037F4000000FA4600803B470080BB470001000000
:1038040002030000000000000000000077430008ED
:10381400B9430008350C00081745000809410008A1
:10382400114100082B410008D9110108FB110108BE
:10383400BF02050405060105061A2FFFF71EF81E30
:10384400F706120D4D2A8E200DFA7DF40FFFFFFFAF
:10385400FFBF0600211EFA7DF40F5F199754436DD4
:10386400B5FE5789A5FB501BB6D0332F5AECF8F0A0
:10387400F300222DFA7DF40FDF18653842882BA35C
:10388400B4324A2BA3B4324A2BA3B4324A2BA3B486
:10389400324A2BA3B4324A2BA37CF8FFFF36002311
:1038A40052FA7DF40FBF4C087184104708718410DC
:1038B40047467183104708490F98F280290F18452D
:1038C4000871841047466984104708718410C7D270
:1038D40003873C60CA03469151DC20C411421C2179
:1038E400C411421C21C411421C21C411423EFC34A7
:1038F40000244AFA7DF40F9F2196A2E935F6540973
:103904000B154144414590315211840455047945C5
:1039140010A8C524575C51C1F588288F8CE2C828AB
:103924008E8C820421A39C41C828C60822CA7960CF
:10393400A407C46A2F5162A90F1F022555FA7DF40A
:103944000FBF5A1239C890A30A318B90434419E52A
:103954009051044164945010194490B402592A10AF
:1039640086027145944A6AA99425A238220E2B2115
:103974002D22922AA14A44904110191422833A8498
:1039840094504C29E910930C41E790543EFC2E00CE
:10399400264DFA7DF40FBF5C6682CBB5564661A511
:1039A40094554A59A514460A6965144706790BA625
:1039B400782482AB84544421C394614429A41451CF
:1039C4004831AA94834C41C714644E390799A1CE57
:1039D40003E5B4608E224499233EFC2C002711FA9F
:1039E4007DF40FDF1996D852EBBF0FFFFF3F282A53
:1039F400FA7DF40F3F246CA166A268A68D56B5D05B
:103A0400524B25B5FEB3C4965A6CA9A59A5A6CA913
:103A1400B67AE8A1E58A0300292DFA7DF40FAF8870
:103A24005BAAA1889A6A578B2DB5D8522B4BD952D1
:103A3400EB2AA9355A6AA1A5165AA89996BCA6A13B
:103A4400E48A0F29002A33FA7DF40FFFC74B259629
:103A54007AC190370829E2184146310F14F34049DE
:103A64000E9A89248A44905744698594554C51C5CB
:103A74009435D0F8F03F02002B1CFA7DF40FFF2799
:103A84004AADAF3D50CC03C53C50CC03C5955A7FDD
:103A94001FFE87002C1AFA7DF40FFFFFFFF3A41A10
:103AA4007AE6454D2D955852293B70F860012D1743
:103AB400FA7DF40FFFFFEC03033D30D003033D30E8
:103AC4003EFCFF37012E15FA7DF40FFFFFFFFBC309
:103AD400167AE6458B1D1FBE04002F31FA7DF40FC4
:103AE4005F1B97D45249AD68A985965A68A98596F3
:103AF4005A2AA9A5925A2AA9A5925A2AA9152DB5D6
:103B0400D0520B2DB55482C587EF013052FA7DF4A3
:103B14000F3F6D667AAC39668459C514554C49E536
:103B240018548E41E49C534C32A590504C294314B4
:103B3400530811C594414631650C524C11A31453DA
:103B44000229C52453CE39E59853903925955392CB
:103B540029659961966B0CA6593EFC3800311AFA16
:103B64007DF40F3F4EA891082AC75E09E509526A01
:103B7400FDFF7F1F7E1C003231FA7DF40F3F6DA4E0
:103B8400728DBD55C849E51435525921955AABA4D7
:103B9400165AA899D62CB45E25B5D007067A60A02B
:103BA40007067A607CF859003337FA7DF40F3F6DCD
:103BB400A4726E3D1016298689536CA9A5925AA643
:103BC400790AA6A8E0A2A7165B6A6D8554944845B5
:103BD4008D535421273D1096732B9E0F3F0E0034B6
:103BE40036FA7DF40FBF4F6A45CDBC248A09925042
:103BF4002009E511511C19C591511A2185915218BA
:103C040029651153D403C53C50CC03C53C5062A96B
:103C1400F5FBF0CB003539FA7DF40FBFFA80480F7D
:103C240088F480480F88546A5D65CEB1B71E08CA0F
:103C340010A3C8312BA462892DB5A6822269A4825F
:103C4400CA31E810A31E08CBB515CF871F0736422B
:103C5400FA7DF40F3F6EA4728D3D750859E58855C1
:103C64006AA9A41661DA5B0F04F580486898644E6B
:103C740041B5445049E594544E49E59454104924BF
:103C8400955392314599619863ED29693EFC36005C
:103C9400372EFA7DF40F3FFAC0400F0CF4C0400FEA
:103CA4000C5A6AA1A5165A6AA9A456B4D45249ADAD
:103CB40068A9A5925AD1522B5A6AF5E12F003844CB
:103CC400FA7DF40FBF6DA4728DBD658659C59454F9
:103CD4004E49E594544E51C590554A614614B76017
:103CE40082CB1571562945955312854A2AA7A47289
:103CF4004A2AA7A4722C648A490F84E5DC8AE7C3A4
:103D04006F03393EFA7DF40F3F6DA47AACB9658830
:103D140051C59454505D22A824824A22A8A482CA80
:103D240031C810941E10E901B15228CD0862A95A75
:103D3400AD80CA1AC62C42CC72ACB925CD875F07B8
:103D44003A1DFA7DF40FFFBF366CA1675EB4D8F15B
:103D5400E1E7862DF4CC8B163B3E7C09003B22FA2E
:103D64007DF40FFFBF366CA1675EB4D8F1E10F1587
:103D74006AE899879A5A2AB1A452B5D8F181023CCB
:103D840020FA7DF40FFF78B8A39679627AF9C533E7
:103D94000DC5CDDC4433CD53CB1D397CF8B7003D84
:103DA40022FA7DF40FFFEF3D50CC03C53C50CC0309
:103DB400E5C33B0F14F340310F14F340F9F0FF3126
:103DC400003E20FA7DF40FFF52C8E3967A66FEE6C1
:103DD400A1462288C1F43288C9334B1D377CF8E7E9
:103DE400013F2BFA7DF40F5F317139B79E3AC4A4B9
:103DF400728A1AA9A8A04AADD142CDB4D1AAD63E9E
:103E0400EC0C5BE899172D767CF87500404DFA7D33
:103E1400F40F3F7DE2728D3D658A4106516B9C62D1
:103E240092216519325A21A415320C21858C52280D
:103E3400510C294414430A11A594424619A690E151
:103E44004A19CD10C20C292610536CA92685750A6F
:103E5400598FBDB6E2F9F0D3004146FA7DF40F3F25
:103E640011F0B8932DB554332F4902892490484258
:103E74007964904706796494460A69A490464A593D
:103E84001F08EA81901E1089A482482AA7A862C844
:103E94002AA530520A2B84B4328A231F7E1400428E
:103EA40051FA7DF40FBFE9D803413D20D2030395B5
:103EB400635041E694544E49E594544E49E5946365
:103EC400D003223D10D403413D2052390695544E6F
:103ED40051E414554C51C514554C51C514554C4915
:103EE400E59473CE03033D20D20341B90FBF0D0007
:103EF4004331FA7DF40FBF7DE2728D3D758841E652
:103F040098535231658D535648A4D63F4B6CA9C57E
:103F140016359041051D62D40361B9B6E2F9F0D3B8
:103F240000444CFA7DF40FBFC99C630F04F580482C
:103F3400C598548E410599535239259553543145AA
:103F440015535431451553543145155354314515C2
:103F5400535431451553143925955352390555C7D2
:103F6400A0524E7A20A8B71C631F7E1D00452FFA6D
:103F74007DF40F3FFA00390F90F300390F90536A24
:103F8400FDEA03223D20D203223D2052A9F5571F0A
:103F940020E701721E20E701F2E157014626FA7D6F
:103FA400F40F3FFAC0400F0CF4C0400F0C546A7D6C
:103FB400F581A01E08EA81A01E08AAD4FA7F1FFE7C
:103FC40008004740FA7DF40FBF6DE2726E3D10D2D7
:103FD40021E718544E49E4942550A9A4D633AA14D1
:103FE400A34A31AA14A34A59A594554C51C5145552
:103FF4004E49E51854D021273D20D4630C9E0FBFB1
:104004000D004853FA7DF40FBF5952392595535288
:10401400392595535239259553523925955352399B
:1040240025955352392595F300390F90F300390F34
:104034009053523925955352392595535239259524
:104044005352392595535239259553523925955351
:1040540052F9F0B3004923FA7DF40FBFFA40500F30
:1040640004F540500F84576AFDFF1F7C20A8078287
:104074007A20A807C287DF054A1EFA7DF40FBFEC39
:10408400982F965AFFFF98388509635619663DD6CE
:104094009E92E6C3CF034B4BFA7DF40FBF5994298C
:1040A40025195390390555A7A4628A2AA5AC420A5A
:1040B4002BA3B4228A2BC1B8F51454703D138A2B58
:1040C400A2B8324A2BA4B042CC2AA5AC628A2AC632
:1040D400A4720CAA21734A32A62853CA2A1F7E143A
:1040E400004C1AFA7DF40F3F5A6AFDFFFFD507C84A
:1040F40079809C07C879807CF855004D5CFA7DF482
:104104000FBF491A2965955256292699629229E7C3
:104114009C72CE29C7A08223A9A4314229250C412F
:1041240042292590304429451C514A11669452462F
:1041340055CA20A494420629A51051AA554A59A546
:1041440094554A59A594554A59A594554A59A59444
:10415400554A59E5C38F024E5EFA7DF40FBF595498
:1041640031451563523126157350310715834E318D
:10417400E814934C31AA14530229C514414831451B
:1041840010524C196414530619C514424431851055
:10419400514C292414530A09C514934C31C99483EE
:1041A4004C39C814744C41C794644C51C514554CD3
:1041B40059E4C3AF024F4AFA7DF40F3F6DA4726E07
:1041C4003D10942126956321638A2AA6A8520A23C6
:1041D400A530520A2BA4B0420A2BA4B0420A2BA445
:1041E400B0420A2BA430620823A6A8628A2AA7A098
:1041F400828C31C910A31E08CB3925CD871F0750E7
:1042040036FA7DF40F3FEAD803413D20D2030395EB
:10421400734E49E594544E51C514554C51C514453B
:104224004E49E59473CE03033D20D2034139566AC7
:10423400FDEFC31F015151FA7DF40F3F6DA4726E5F
:104244003D10942126956350758A2AA6A8620823F6
:10425400A530520A2BA4B0420A2BA4B0420A2BA4C4
:10426400B0420A2BA430520A2386AC628A2AA628BA
:10427400822A644C5127A0E51A7B6A124B6CA90B65
:10428400AA9824FA4003524DFA7DF40FBFE9D803EB
:10429400413D20D2030395734E49E594544E51C5D4
:1042A40014554C51C514454E49E51464CE03033DE1
:1042B40020D2034139560A61A594554C51C5145571
:1042C4004E49E59454505D2AA7A4728A2AA628F37D
:1042D400E14701533AFA7DF40F3F7DE26A6E3D10E7
:1042E4009429061544524942151554A9C51A7A68E9
:1042F4009A49AA99E8A9C5965AA1C0CA19AB1C92B1
:10430400CA39E5A007847AAC41F4E1B701541AFA3A
:104314007DF40F3FF980290F98F280290F98566A8F
:10432400FDFFFF7DF87500554FFA7DF40FBF59541A
:1043340031451553543145155354314515535431B2
:10434400451553543145155354314515535431458E
:1043540015535431451553543145155354314515AE
:104364005354314515539239051574C8490F84E5E2
:104374001A8BE6C38F035647FA7DF40F3F591A216F
:1043840085954258296511535439441154124125D5
:104394005188A872882A872C62082B85B05248233A
:1043A40084B832C823833C22082C81441248441226
:1043B400CD330D35B55462C91D1F7E1D005769FAF2
:1043C4007DF40F3F491E19E40D42CC288410330AB2
:1043D40021C48C424829A350A410520829641842CD
:1043E4000A198690328821E308628A38821C228E58
:1043F4002087042A0C44C210240C44C210240C4408
:10440400C210240C84C649869C64C8498618654A2F
:1044140051C514554C59E490450E59030D36D060DE
:1044240023890F3F0C005841FA7DF40FBF595431D2
:104434004511544344155316318415521A21C41599
:10444400511E1104AA88A6A1B68964820A12515C7D
:1044540011A515525821651553543905D5523145C6
:10446400154358F9F0A3005933FA7DF40F3F595816
:104474002965115354392595535049E594544C59A1
:10448400A594550A69659456067925945702892995
:10449400A279A6A9F57F1F7E1C005A34FA7DF40F79
:1044A4003FFA00390F90F300390F105A2AA9859664
:1044B4004A6AA1A5165AD542AB5A68A18656D4D0E9
:1044C4008A3E50CC03C53C50CC03E5C3AF025B1518
:1044D400FA7DF40F9F78EBB74AADFFFFFFD5B77EA7
:1044E4001F06015C33FA7DF40FEF0F4B6CB1C496D9
:1044F4005A6CA9C5965A6CA9C5965A6CA9C5125B83
:104504002CB1C5125B2CB1A5165B6AB1A5165B6A0A
:10451400B1C48A0FDF005D22FA7DF40FCF3F10D4BF
:1045240003413D10D403A1D6FFFFFFA907827A20DF
:10453400A807827A207C98045E25FA7DF40F3F2E2A
:104544002EB1851A7A248A251048447184905648DD
:1045540061C490454E6102890FFFFFEF005F17FAB7
:104564007DF40FFFFFFF7FF701531E30E501531E5B
:10457400301FF6006020FA7DF40FEF842CB0C0E306
:104584008E4B6CA9A59A5AAAA9C55277C203870F64
:10459400FFFFB3006137FA7DF40FFFCF1EC89A5BAB
:1045A4000F84454C5922955A39B65E7A40A00706C5
:1045B40032A74AE594544E41E694738E21093D3066
:1045C400D20342A950D619E5C3CF026244FA7DF45E
:1045D4000FCF975AFF466925A4F580480F8874C801
:1045E40041E698535239259553143945155354319E
:1045F400451553543145915352392595634E41879E
:104604001CF480480F0445825A83980FBF0D006341
:104614002CFA7DF40FFFEF1EC89A5B0F8474C8391F
:1046240006115494406585546ABD6A6AA9060D75DD
:104634004A510F84E51A8BE7C34F036445FA7DF4AE
:104644000F5F2BB5FE981945A950D203023D30CE19
:1046540021E894734E41C694644C51C514554C5191
:10466400C514554C51C514554C49E614648E31E7B4
:104674001C82D003233D20940A8599513EFC2A00D4
:104684006534FA7DF40FFFCF9EB89A5B0F04658AF8
:10469400411522AA98A28A79A098078A79A0980736
:1046A4008A29B5B2A59A24D429253D20966B0CA25B
:1046B4000F3F0D006627FA7DF40F5F3A71B9C69E6D
:1046C4003A84AC72C62229AC526BF181A01E08EA6E
:1046D40081A01E08AED4FAFF7DF803674AFA7DF480
:1046E4000FFFAF9A42D203023D308E19CB105354C0
:1046F4003944954354392595539229659961966BAC
:10470400CD2DA71EB1C4BEF580500F08F4C03825C6
:10471400995256296595525431E798F3C0400F8851
:10472400E59CFA80006823FA7DF40FCF975AFF8640
:104734006125A4F540500F88844849C714644E414C
:10474400F5FFFFFF7DF85900691AFA7DF40F9F21E8
:10475400D5505B251F1614D4D5FAFFE05BBF0F3F7D
:104764000C006A23FA7DF40F9F22D5505B251FF2BB
:10477400CCF16AFDFF8F89539830859561966BCD96
:1047840029693E48006B3DFA7DF40FCF975AFF52DA
:10479400390555A7A4628A2AA5AC320C2BC2B412DF
:1047A4008C5B6F3DE6982BA3B4420A2BC4AC528CAD
:1047B4002AC6A4724A2AC7A082CC29C998A2CC8747
:1047C400DF046C1BFA7DF40FCFAFB7ABF5FFFF7BB3
:1047D4000F88F480480F88F480F8F0BB006D5AFA13
:1047E4007DF40FFFEF954048394B1CF380290F9857
:1047F400628411A5946106296514424A1985905270
:104804004621A4945108296514424A1985905246B8
:1048140021A4945108296514424A198590524621CD
:10482400A4945108296514424A198590524621A43A
:10483400945108F9F0A3006E22FA7DF40FFF0F964D
:10484400615809693D10D403222152D2310599538C
:1048540050FDFFFF7F1F7E16006F38FA7DF40FFFB7
:10486400CF9EB85C634F197290390595540E51C5AB
:1048740094454C59A594554A59A594554A59C4147C
:10488400554E49E598539221473DD6DC8AE7C36FDC
:10489400037044FA7DF40FFF0F966158094A3D20D6
:1048A400D203039D629039E694544E51C514554C7D
:1048B40051C514554C51C514554C51C514554C494A
:1048C400E558E714831E18E801914A48AB0CC34A23
:1048D400ADDF070D007142FA7DF40FFFCF965194BE
:1048E4000A253D20D0030319824E41E614644C513D
:1048F400C514554C51C514554C51C514554C51C58E
:1049040014554E41E618739021083D30D20342A954
:10491400509819A5D69F077222FA7DF40FFF2F969F
:104924007156092B3D30D003032542123A221D143F
:1049340094A1A5D6FFFBF037007335FA7DF40FFF81
:10494400CF9EC89A5B0F84648A49050D5592502501
:10495400057668922BAE89A851611524563924999D
:10496400738A410F8CF440600CA20FBF0D007428B1
:10497400FA7DF40F7FB4D4BA4AE203413D10D40364
:10498400413D101EB1A4D67FD514E10A19AE39E613
:1049940056341F7E1A007542FA7DF40FFF0F9654A9
:1049A4004E49E594544E49E594544E49E594544E89
:1049B40049E594544E49E594544E49E594544E497E
:1049C400E594544E41E618739021083D30D20342D9
:1049D400A9509819E5C3AF027637FA7DF40FFFEFBB
:1049E40095454C59C494450E510495444BE51055D6
:1049F4000E59C494550A69A49056067165904704EB
:104A040081259048C290D834D45462C9875F07770F
:104A140053FA7DF40FFFCF51843842881985105220
:104A240028420A8D14420A21850C438621C39071C1
:104A34000431641C410E11479043C408439043C29F
:104A440010240C44C210240C44C218238C74C6498C
:104A5400869C64C849A614654A59C494454CF9F027
:104A6400BB007835FA7DF40FFFEF154550ED145572
:104A74000C6185146644714510A82292875A134527
:104A840005D52BA2B4420A2BA4AC624A2AA81C83E3
:104A94008C29AA7CF855007944FA7DF40FFFEF9530
:104AA400454C51C514550E51049544A192CA21AAEE
:104AB4001CB28821AC14D20829AD0CF2C8208F088E
:104AC400024B20910412D1BC68A9A5124B6A7182D1
:104AD40094278671EB299866F9A0017A2AFA7DF465
:104AE4000FFF0F3E30D003033D30D003829A696834
:104AF4001D35D3D01A35D39A0F14F340310F14F364
:104B040040F9F0AB007B2AFA7DF40FBF81A07ACB89
:104B1400315768A9F5ABA4166A2292679E896CA9DD
:104B2400C5125B6AFDB386B2B7A08AE98300007C34
:104B340011FA7DF40F9F29B5FEFFFFFFBF0F0C0094
:104B44007D26FA7DF40F9F4652C1F51835B5D8522B
:104B5400EBCF168BE625512C95D4FA8F166A1C736D
:104B6400EB29883E48007E1DFA7DF40FFF6F9614F2
:104B74005232E3B051CA03C594B1523069960FFF63
:104B8400FFC700A00DFA7DF40FFFFFFFFFBF060073
:104B9400A11DFA7DF40F9F19B6D0332F5AECF850AB
:104BA4002396AED67FD45E25777CF87900A248FAA6
:104BB4007DF40F3F4F2CDD3C71B5A71E10C808854E
:104BC400CA2062A042C810881432022AA4B0424803
:104BD4002B84B442482B84B442482B84B832882BAB
:104BE4008294A04A206424258A7A40A8D7563C732C
:104BF40058BA0F3701A32FFA7DF40FBF6DA47A8D35
:104C04003966C860C684566A6DAEB793A5D657494F
:104C14002D159D80DA18E681621E30851875823262
:104C24001F7E1700A436FA7DF40FFF0B828944849B
:104C340011043D30D2036139564859C51445105109
:104C44000411451051C5945548616E3D10D20303BB
:104C54001161044982890FFF9F03A544FA7DF40F73
:104C6400BF59562965915352392591544E51C590D7
:104C7400554A6185905646714510480289499E7986
:104C840068790F88F480480F88F48078A596F780B7
:104C9400480F88F480480F88576AEDC38F03A61421
:104CA400FA7DF40F9F29B5FEFF7D9829B5FEFF7D9F
:104CB4006000A746FA7DF40F1F3971B9C6DE32C40D
:104CC4002872882A48AC82422BD5D4331564CD315E
:104CD400428E2AC6A4724A2AA724638A428330D702
:104CE400185413D562090BA928914A22A7A4438C0E
:104CF4007ACCB525CD87D700A81CFA7DF40F5F20A8
:104D0400853033CC32C32C33CC32C33052C887FF06
:104D1400FFFFC300A95AFA7DF40FFF3B26B2E65603
:104D240031259151043944A4400A112B1032041343
:104D3400830C514609630C510A1193204690218635
:104D4400206C8821081B6208C28618A29840861825
:104D5400A312630CD1C220632C3108194990424834
:104D640019E41045523165B9C6A2F9F0DB00AA3145
:104D7400FA7DF40F3F9CE072AD11529C30C4526F27
:104D840039D61A2B8530620823A530134E6B8E3D1D
:104D940013C887C203223D20D203E2C3FF9B00ABAA
:104DA40034FA7DF40FFFFF4638E28D425A196695B6
:104DB40061561946996194198595519A19A5995185
:104DC4005A19A695615A19A695611A21E409233E38
:104DD400FC6B00AC18FA7DF40FFFFFEE03223D20BC
:104DE400D203223D206A7D1FFE9F04AD17FA7DF495
:104DF4000FFFFFEC03033D30D003033D303EFCFFC7
:104E04003701AE5EFA7DF40FFF3B26B2E65631253C
:104E14008D8004394324410A114A1032C620440CBF
:104E240022C828438C31C820640C31C81A430CA210
:104E3400C81083A432C420638C32C420638C32042F
:104E440019838C41C644C6188488514620A48451D1
:104E54005029AA1C534E7A202CD7183C1F7E1B00C5
:104E6400AF10FA7DF40FBFDB5AEFC3FFFFFF5D0005
:104E7400B023FA7DF40FDF3732C1F55833A3B052B3
:104E8400082B85B0520833A334E61844D37CF8FFCA
:104E9400FF0A00B127FA7DF40FFF62A9F56B0F1426
:104EA400F340310F14F34071A5D6EF43FD81621E28
:104EB40028E681621E281F7E1500B222FA7DF40FB7
:104EC400DF37523DD6DC2A863471880B875452CBA7
:104ED400B466A1352398EFC3FF3F0D00B32CFA7DD0
:104EE400F40FDF37523DD64E306D18E2C2213184C3
:104EF40013914432D9D202224C20C28629EB04C336
:104F04009C53D27CF8FFE701B417FA7DF40F370500
:104F14001ED6D08A1A5AD991C387FFFFFF2100B544
:104F240048FA7DF40FFFEF955352392595535239C2
:104F34002595535239259553523925955352392580
:104F440095535239259553523925955352316684D8
:104F5400628D50CE386290070E79E010260E2982B9
:104F640094AAD6EF830700B65FFA7DF40F5F69EB6E
:104F7400A507047A60A035C861831C36C86183988C
:104F840036C861831C36C86183A035085A8324352A
:104F9400C842833433C823833C32C823833C32C899
:104FA40023833C32C823833C32C823833C32C82346
:104FB400833C32C823833C32C823833C32C82383D6
:104FC4003C32C8875300B715FA7DF40FFF7F68D8C9
:104FD40042CFBC68B1E3C3FF7F0100B818FA7DF487
:104FE4000FFFFFFF7F4860710D3D5094F1164CD3C5
:104FF4007C5000B914FA7DF40F3F41A891286696BD
:10500400FEDF87FF7F1E00BA37FA7DF40FBF7CA452
:105014007ACB95511A298411531639649143163960
:1050240064914316396495521829A49960DC826905
:10503400960FD403223D20D203E2C3FFE700BB3521
:10504400FA7DF40FFF7F231CF14621AD0CD3CA3047
:10505400AD0CD38C30CD08D30A29AC8CC2CA28AC91
:105064000CB3CA30AB0CB3CA308C90E28419387CD0
:10507400F83701BC57FA7DF40FAF8C5AD4304791FE
:1050840072125123113510590391350E61E3103614
:105094004C61C390364A69A3103748A9C4924A2C7C
:1050A400A9C4924ACA70A48C460A698414468861C9
:1050B4008488305619238C45C6104315C10E19EC4B
:1050C40090C10C51B33B7D780700BD55FA7DF40FB8
:1050D400AF8C5AD430479172524923113550510341
:1050E40091351059E310360E61C390360C69A31044
:1050F400370AA9C4924A2CA9C4924A2C19A595909E
:1051040016092B9540C84864043312510391442175
:1051140092C8298A18B288216D94F5B60F8F00BE03
:105124005AFA7DF40FAF94998E38CB1033C828C443
:105134008D429431639942D621040E41923043103A
:10514400440809242D415412A415422AB1A4124B37
:105154002AB1A492321C29A391421A218511621802
:1051640019238C450609631141C450443044043B5F
:1051740045B043D4EC4E1F9E01BF2DFA7DF40F9F22
:1051840019B6D0332F5AECF8102BB5460B35D3464D
:105194000B35B4D49A0AAAA4A1CA29C990A31E6B38
:1051A4004E49F3E1C701C04DFA7D7434AC9969A24C
:1051B4005A70F820063CEE644B2DD5CC4B9240221D
:1051C400092492501E19E491411E19A591421A29ED
:1051D400A49152D607827A20A4074422A92092CA15
:1051E40029AA18B24A298C94C20A21AD8CE2C88734
:1051F400BF0700C14DFA7D7446E88909A249ACF89D
:10520400C0063CEE644B2DD5CC4B9240220924922F
:10521400501E19E491411E19A591421A29A49152D4
:10522400D607827A20A4074422A92092CA29AA1860
:10523400B24A298C94C20A21AD8CE2C887BF070008
:10524400C251FA7DF40FCAB08522B89C09A69142D6
:105254009C3882063CEE644B2DD5CC4B92402209FF
:105264002492501E19E491411E19A591421A29A4B1
:105274009152D607827A20A4074422A92092CA29EF
:10528400AA18B24A298C94C20A21AD8CE2C8871F9D
:1052940005C353FA7DF453E829812931D40341111C
:1052A400A1962887960FA580C71DB6D48A9E792615
:1052B4008A249048028963904706796494460A696F
:1052C400A490464A591F08EA81901E1089A4824876
:1052D4002AA7A862C82AA530520A2B84B4328A238A
:1052E4001F7E1400C454FA7DF44F0A6166986586E3
:1052F400596698658661A4900F5CC0E34EB6D4529B
:10530400CDBCE60824924022090492411E19E4917E
:10531400511A29A491421A29657D20A807427A408E
:1053240024920A22A99CA28A21AB18C24829AC1053
:10533400D2CA28AE7CF84D00C54FFA7DF40F48A1BF
:10534400478E31E218238E31E218439E79EAB893EE
:105354002DB5A2679E892209249240E210E591416D
:105364001E19C491421A29A49152D60F84F480487C
:10537400241544523945914356298591525821A404
:1053840095511CF9F0A300C640FA7DF40FBFEDD689
:105394004FA59841120A24A14012CA23A23C22CA52
:1053A400236221321622632132D629A334424A6B66
:1053B400CCB74A298B98B28829AA1836C861831CAD
:1053C40026CA611F7E1300C73CFA7DF40FBF7DE23D
:1053D400728D3D758841E698535231658D53564818
:1053E400A4D63F4B6CA9C516359041051D62D40364
:1053F40061B9B6E2B1020B5CE881A28CB7609AE6AF
:10540400030200C837FA7DF40F88B885A299A8B1C1
:10541400E343E301721E20E701721E20A7D4FAD5EC
:1054240007447A40A407447A40A452EBAF3E40CEEE
:1054340003E43C40CE03E4C3AF02C937FA7DF40F62
:1054440094B0651EA8A2A1E443E601721E20E70100
:10545400721E20A7D4FAD507447A40A407447A40A0
:10546400A452EBAF3E40CE03E43C40CE03E4C3AFD2
:1054740002CA3CFA7DF40F8EB085A2A85C6B651855
:1054840036CE702185F500390F90F300390F905313
:105494006AFDEA03223D20D203223D2052A9F5579A
:1054A4001F20E701721E20E701F2E15701CB3FFA0A
:1054B4007DF40F022984996196196699619619867B
:1054C40091423EF80F90F300390F90F30039A5D6BE
:1054D400AF3E20D203223D20D20322955A7FF5010C
:1054E400721E20E701721E201F7E1500CC2CFA7D4F
:1054F400F40F86B8A522A9E6B1E343E481A01E080F
:10550400EA81A01E08AFD4FAFF3FF840500F04F51B
:1055140040500F840FBF0B00CD2CFA7DF40F94A8DC
:105524006522A8E0A1E343E881A01E08EA81A01E49
:1055340008AFD4FAFF3FF840500F04F540500F84F1
:105544000FBF0B00CE30FA7DF4252EA94626C89A4B
:10555400098715529A380387F640500F04F54050D6
:105564000F84576AFDFF1F7C20A807827A20A807B2
:10557400C287DF05CF33FA7DF40F0229849961963F
:105584001966996196198691423E141E08EA81A013
:105594001E08EA81F04AADFFFF830F04F540500F67
:1055A40004F540F8F0BB00D043FA7DF40F3FCA9CE9
:1055B400636F3D10542927956350BD544E49E5143B
:1055C40045CA32A42C53C832852C53A9628A2AA610
:1055D40028728A22A7A4724A2AA7A0BA535229275A
:1055E4003D10D45B8EAD0FBF0E00D169FA7DF4532C
:1055F400281A633DF5405863205A3EA48B2AA6A876
:10560400624C2AC6A4620E2AE6A062D029069D62D4
:1056140092294695624A20A598220829A608428A1A
:1056240029838C62CA20A398428828A610228A293A
:105634008584624A21A19862922926997290290749
:1056440099828E29E898928C29AA98A28A298B7C1F
:10565400F85500D254FA7DF40F46C8C31EA9E6B12A
:1056640004870F9E91CAB9F540508698548E858C54
:1056740029AA98A24A298C94C24829AC90C20A2922
:10568400AC90C20A29AC90C20A29AC90C288218C81
:1056940098A28A29AA9C820A32C624438C7A202C96
:1056A400E794341F7E1C00D354FA7DF40F54B8A33E
:1056B4009AA8E099C5860FA891CAB9F54050869872
:1056C400548E858C29AA98A24A298C94C24829AC64
:1056D40090C20A29AC90C20A29AC90C20A29AC90A3
:1056E400C288218C98A28A29AA9C820A32C62443A1
:1056F4008C7A202CE794341F7E1C00D456FA7DF457
:10570400252EA966A2A81E6B659836CCC0411AA99D
:105714009C5B0F04658849E558C898A28A29AA9415
:10572400C248298C94C20A29AC90C20A29AC90C2FE
:105734000A29AC90C20A298C18C28829AA98A2CA3C
:1057440029A820634C32C4A807C2724E49F3E1C7AA
:1057540001D556FA7DF453281A633D10D203618DA6
:105764008168F93061A4726E3D10942126956321FD
:10577400638A2AA6A8520A23A530520A2BA4B0424F
:105784000A2BA4B0420A2BA4B0420A2BA43062080C
:1057940023A6A8628A2AA7A0828C31C910A31E0856
:1057A400CB3925CD871F07D658FA7DF4423133CC47
:1057B40032C32C33CC32C33052C88709239573EBE0
:1057C40081A00C31A91C0B19535431459552182949
:1057D4008591525821851552582185155258218595
:1057E400155258218511431831451553543905155F
:1057F400648C498618F54058CE29693EFC3800D798
:1058040031FA7DF40FFFEB610536D250E594644A1A
:105814005966946642792AA269E891092E678261E1
:105824006618658A49E51435D26041890FFF9701EE
:10583400D862FA7DF40FDF13B73033C87AE9819068
:105844001E08CA10938C31C73AE520530E2AE590FE
:10585400404A314490520C118594424621A50C5281
:1058640011422A324A216590524819C31452043114
:10587400A414310E312410530C3AC5205390312610
:105884001962D403213D10945B451856ECC8E1C35A
:10589400B300D957FA7DF40F86B8A59E99A8B1E351
:1058A40043A3A8628A2AA6A8628A2AA6A8628A2A88
:1058B400A6A8628A2AA6A8628A2AA6A8628A2AA612
:1058C400A8628A2AA6A8628A2AA6A8628A2AA6A800
:1058D400628A2AA6A8628A2AA624730A2AE89093CE
:1058E4001E08CB3516CD871F07DA57FA7DF40F92C1
:1058F400B0659E98A2A9E343A6A8628A2AA6A862D4
:105904008A2AA6A8628A2AA6A8628A2AA6A8628ADD
:105914002AA6A8628A2AA6A8628A2AA6A8628A2A2D
:10592400A6A8628A2AA6A8628A2AA6A8628A2AA6A1
:1059340024730A2AE890931E08CB3516CD871F07D7
:10594400DB5BFA7DF4252EA966A2A89C63859426C8
:10595400CEC06115554C51C514554C51C514554C08
:1059640051C514554C51C514554C51C514554C5181
:10597400C514554C51C514554C51C514554C51C5FD
:1059840014554C51C514554C51C594644E41051DD4
:1059940072D20361B9C6A2F9F0E300DC5EFA7D7449
:1059A400430A6166986586596698658661A4900F76
:1059B400E5A28A29AA98A28A29AA98A28A29AA9839
:1059C400A28A29AA98A28A29AA98A28A29AA98A26C
:1059D4008A29AA98A28A29AA98A28A29AA98A28A74
:1059E40029AA98A28A29AA9892CC29A8A0434E7AD7
:1059F400202CD758341F7E1C00DD3BFA7DF40F9217
:105A0400B0652298A2A9E343A5B052CA22A6A872FF
:105A14004A2AA7A092CA29A998B24A29AB14D2CA81
:105A240028AD0CF24A28AF04125344F34C53EBFF55
:105A34003EFC3800DE39FA7DF40F3F5A6A5D75EC9E
:105A440081A01E10E98181CA39A7A4724A2AA7A895
:105A5400628A2AA6A8628A22A7A4720A32E78181EE
:105A64001E10E981A0DE2AB5BE0F7F0400DF4BFAC9
:105A74007DF40F1F31523DD6DC3AC3A8628A2AA7AF
:105A8400A0FA674C2A22A922D02A42A522162AE784
:105A94009C928C29AA98A28A29AB94B24A29AB94E5
:105AA400B28829AA98928C294210738A60A7048626
:105AB4004A58A90CF3E1B701E044FA7DF40F17C387
:105AC40025B554538B2D96D862070E1FC003597306
:105AD400EB81B088294BA4522BC7D64B0F08F4C0D6
:105AE40040E654A99C92CA29C89C72CE3124A107CD
:105AF400467A402815CA3AA37CF85900E142FA7D57
:105B0400F40F370326B65043AB4A6AB1E343EC4083
:105B1400D6DC7A202C62CA12A9D4CAB1F5D2030207
:105B24003D309039552AA7A4720A32A79C730C49B8
:105B3400E881911E104A85B2CE281F7E1600E249E4
:105B4400FA7DF40F27031EB650438F4CB084E28ACB
:105B5400286F100283111FB4035973EB81B0882995
:105B64004BA4522BC7D64B0F08F4C040E654A99C53
:105B740092CA29C89C72CE3124A107467A402815BE
:105B8400CA3AA37CF85900E347FA7DF40F2F118A2F
:105B940088584A90F48050442426C8A9E4C3C48198
:105BA400ACB9F54058C4942552A99563EBA50704F4
:105BB4007A602073AA544E49E514644E39E718926A
:105BC400D003233D20940A659D513EFC2C00E447FC
:105BD400FA7DF40F9F20853033CC32C32C33CC3282
:105BE400C33052C88785035973EB81B088294BA40D
:105BF400522BC7D64B0F08F4C040E654A99C92CA56
:105C040029C89C72CE3124A107467A402815CA3A85
:105C1400A37CF85900E549FA7DF40F07493D9284C5
:105C240021C718718C11872011CD53C787D681AC39
:105C3400B9F54058C4942552B19463EBA507047A8E
:105C4400602083C8298A9CA2C829A99C82CC3105DA
:105C5400A107467A40A8150833847CF85900E64623
:105C6400FA7DF40FFF4F16431412E83C50CA03C6E2
:105C74008C710639A118425829849542D003C33C3B
:105C840050CA0386B4564661851456486185145635
:105C94008829A11881C6280F1CA2C22A4924544C61
:105CA400F9F0B300E738FA7DF40FFFEF1EC89A5BF2
:105CB4000F8474C83906115494406585546ABD6ACA
:105CC4006A51411934D421463D10966B0CA22AB076
:105CD400C0851E28CA780BA6693E2800E83FFA7DD5
:105CE400F40F17031ED5D4624B2DB6AAE4860FE039
:105CF40089ABB9F54050A6185421A28A29AA98075D
:105D04008A79A098078A79A098522B5BAA49429D68
:105D140052D20362B9C620FAF0D300E93EFA7DF408
:105D24000F47031ED6D0420DAD5982C307F1C4D527
:105D3400DC7A2028530CAA1051C51455CC03C53C59
:105D440050CC03C53C504CA9952DD524A14E29E92E
:105D540001B15C63107DF86900EA45FA7DF40F2710
:105D6400031EB6D0338F4CB084E2CA288D90E284EF
:105D7400111FB4135773EB81A04C31A8424415533F
:105D840054310F14F340310F14F34031A556B65477
:105D940093843AA5A407C4728D41F4E1A701EB45AD
:105DA400FA7DF40F9F20853033CC32C32C33CC32B0
:105DB400C33052C88785135773EB81A04C31C89CFC
:105DC400824A2AA6A8621E28E681621E28E681620B
:105DD4004A2DD5D4524D12EA94A21E08EA3506D1B2
:105DE400879F06EC1EFA7DF40F9BC2965AAAA9C59A
:105DF40056B558F121A4A0AED6FF07DFFA7DF89B73
:105E040000ED1EFA7DF40FC3E2926A68A1865695EE
:105E1400DCF1A1A3A0AED6FF07DFFA7DF89B00EE6C
:105E240024FA7DF40F6F894BAAA147264844716573
:105E340090370881C1880F9282BA5AFF1F7CEBF712
:105E4400E18701EF23FA7DF40F5F20853033CC32F4
:105E5400C32C33CC32C33052C887B882BA5AFF1F1E
:105E64007CEBF7E18701F049FA7DF40F6F058AE8CE
:105E740021C3B1B7586BEB99509C30A5966742612A
:105E84006E3DF58040A69C639D92CA21CA94B24A95
:105E940029AB94B24A29AB94B288298B98A2CA2917
:105EA400A91C734A32E4A8C79A5BF17CF86D00F12F
:105EB40031FA7DF40F0F157A4A60690CF5405044AD
:105EC400A825CAA1E543BB0CC34A48EB81A01E1018
:105ED4000991928E29C89C82EAFFFFFFFBF0B30070
:105EE400F244FA7DF40F17C51DD5D4624B2DB6B21A
:105EF400E3860FE089CB35F694210799535049E5A1
:105F040010554C59C494554A59A594554A59A594C9
:105F1400454C51E594548E39251972D463CDAD782E
:105F24003EFC3600F343FA7DF40F47031ED6D0AA95
:105F3400165A5982C307F1C4E51A7BCA9083CC2947
:105F4400A8A472882AA62C62CA2AA5AC52CA2AA579
:105F5400AC52CA22A6A8724A2AC79C920C39EAB14A
:105F6400E6563C1F7E1B00F44AFA7DF40F17C71D4A
:105F7400B6D023534CB084E2CA286E100283111F9A
:105F8400B413976BEC29430E32A7A092CA21AA98A6
:105F9400B28829AB94B24A29AB94B24A298B98A20D
:105FA400CA29A91C734A32E4A8C79A5BF17CF86D2C
:105FB40000F548FA7DF40F2F118A88584A90F4802E
:105FC40050442426C8A9E4C3C489CB35F6942107D8
:105FD40099535049E510554C59C494554A59A594C0
:105FE400554A59A594454C51E594548E3925197256
:105FF400D463CDAD783EFC3600F648FA7DF40F9FAD
:1060040020853033CC32C32C33CC32C33052C887D2
:106014008513976BEC29430E32A7A092CA21AA9844
:10602400B28829AB94B24A29AB94B24A298B98A27C
:10603400CA29A91C734A32E4A8C79A5BF17CF86D9B
:1060440000F723FA7DF40FFF37862DB5B2E343E55D
:1060540081811E18E881811E181F16862DB5B2E3B2
:10606400C3FF1100F849FA7DF40FFF73C3166742AA
:10607400611D7BCA90830C41A89474482182985274
:10608400C620A610324A29839052CA20A4942248DA
:10609400A90429C494404A392490520E2A259D719A
:1060A400D45B1E23E1B462470E1FBE0700F94DFA0C
:1060B4007DF40FB3C2965AAAA9C556B558F1215218
:1060C40052392595535239259553523925955352B2
:1060D40039259553523925955352392595535239BB
:1060E4002595535239059963CC418620F4C0480F55
:1060F40008A5426166940F7F1000FA4DFA7DF40FF3
:10610400C3E3926A68550B2D955CF12153523925EE
:10611400955352392595535239259553523925951E
:106124005352392595535239259553523925955350
:106134005239059963CC418620F4C0480F08A54222
:106144006166940F7F1000FB55FA7DF40F27031E40
:10615400B6D033512481C0128A2BA3B851060C2720
:106164007C704A2AA7A4724A2AA7A4724A2AA7A41E
:10617400724A2AA7A4724A2AA7A4724A2AA7A47216
:106184004A2AA7A4724A2AA720738C39C810841EED
:1061940018E901A15428CC8CF2E15701FC52FA7D94
:1061A400F40F9F20853033CC32C32C33CC32C33030
:1061B40052C8877449E594544E49E594544E49E5D0
:1061C40094544E49E594544E49E594544E49E5940B
:1061D400544E49E594544E49E514648E31071982AE
:1061E400D003233D20940A8599513EFC2A00FD509A
:1061F400FA7DF40FC3218B5B6AA1851A5A5582C5B7
:10620400874A59C414554C51E510455049142AA9DC
:106214001CA2CA218B18C24A218D90D2CA208F0C8D
:10622400F28820B00412492011CD8B965A2AB1A4C9
:10623400162748796218B79E8269960F1A00FE45A0
:10624400FA7DF40FCF975AFF466925A4F580480FCD
:106254000C74C841E69853523925955314394515A1
:10626400535431451553543145915352392595634F
:106274009D530C7A40A407822A21AD324A2BB57E65
:106284001F3400FF50FA7DF40F5F20853033CC3289
:10629400C32C33CC32C33052C887B251C514554CC9
:1062A40051041145500D11451051C594450C61A57B
:1062B4009046087184105706794410580289486240
:1062C400D350534B25B554F242296E0CE3369866ED
:1062D400F9A00100000004FFFF0000002957000896
:1062E400A95700082D5700081815AE15D516A01586
:1062F400401520160215A115C815DA1612158116B7
:106304006F15D916D315DB1620152E15A415A6194D
:10631400FF0000000001140A6464323200093D00E9
:106324000004289610080202800040001815A015E9
:10633400C019FF1815A115C819FF1815AE19FF18B3
:1063440015AF19FF0006101600061016000084CBC6
:106354000000B8CF000052C7010000000200300462
:10636400040060080800900C1000C0102000F01415
:10637400400020198000501D000180210002B0253A
:106384000004002A0008302E0010603200209036ED
:106394000040C03A0080F03E000021430000524714
:1063A4000000844B0000B84F010000000200000010
:1063B400040000000800000010000000200000009D
:1063C4004000000080000000000100000002000006
:1063D400000400000008000000100000002000007D
:1063E40000400000008000000000000000000001E8
:1063F4000100000000000002220000000000000470
:106404002300000000000008FFFFFFFF0000000061
:106414000000000001020304010203040607080946
:1064240000000000000000006FF4000895F400086C
:1064340089F40008ADF50008D5F40008E1F400087B
:10644400A1F50008F9F4000841F500080000000077
:106454004000000080000000400000000100000037
:1064640040000000820000004000000083000000A3
:1064740008000000FFFFFFFF000000000000000014
:106484000900000000000840000000000A000000AD
:10649400000008401A0A00000B0000000000084039
:1064A400120A00000C00000000000840120A00005C
:1064B400FFFFFFFF000000000000000001000000DB
:1064C400004C00401208000003000000004400409B
:1064D400120700001500000000500040120E0000DA
:1064E40017010000000C00581208000017000000FB
:1064F400001001401207000018000000004C00408A
:10650400120800001C00000000500040120E0000A1
:106514001F00000000100140120400002B000000C6
:10652400004C0040120800002B010000004800400D
:106534001207000032000000005000401208000062
:10654400FFFFFFFF0000000000000000000000004B
:10655400004C00401208000002000000004400400B
:10656400120700001400000000780040120B000025
:1065740016010000000C005812080000160000006C
:1065840000500040120E00001602000000100140EE
:106594001207000019000000004C0040120800001F
:1065A4001E00000000100140120400002A00000038
:1065B400004C0040120800002A010000004800407E
:1065C400120700002C0000000050004012080000D8
:1065D400FFFFFFFF000000000000000000000000BB
:1065E400000000401281000000010000000C004087
:1065F40012820000010000000000004012010100AE
:1066040001010000000C0040120201000102000020
:10661400004001401284100002000000000000400D
:106624001281010002010000000C004012820100EE
:106634000202000000400140128400000300000038
:10664400000000401201020003010000000C0040A1
:106654001202020003020000004001401204010083
:106664000500000000000040128100000501000048
:1066740000040140128310000600000000040040E2
:106684001282000006010000001C00401289000074
:106694000700000000000140128110000701000003
:1066A400000400401202010007020000000401403F
:1066B400128310000703000000200040128900002C
:1066C40011000000000001401281110011010000BE
:1066D4000004004012020200110200000004014004
:1066E4001283110014000000000400401282000014
:1066F4001500000000040040120201001600000012
:10670400000800401282000016010000004401400D
:10671400128110001700000000080040120201005E
:106724001701000000480140128110001800000009
:1067340000080040128201001801000000440140DA
:10674400128100001900000000080040120202003B
:106754001901000000480140128100001E000000E1
:1067640000000140120111001E010000000401405C
:10677400120311001E0200000018004012820000E3
:106784001F00000000000140128111001F010000E1
:1067940000040140128311001F0200000018004091
:1067A4001202010027000000000400401202010050
:1067B400270100000004014012030100280000002A
:1067C400000400401282010028010000000401407E
:1067D400128301002900000000040040120202009C
:1067E400290100000004014012030200FFFFFFFF23
:1067F40000000000000000000400000000740040DD
:106804000380000005000000007400400300010044
:10681400FFFFFFFF00000000000000000000000078
:106824000020024003000800010000000020024094
:10683400038008000200000000200240030007005B
:1068440002010000002102400300070003000000D1
:1068540000200240038007000301000000210240E1
:106864000380070004000000002002400300090028
:10687400040100000021024003000900050000009B
:1068840000200240038009000501000000210240AD
:10689400038009000600000000200240038001007C
:1068A40006010000002102400380010007000000EF
:1068B4000020024003800300070100000021024081
:1068C4000380030011000000002002400380020046
:1068D400110100000021024003800200200000009A
:1068E40000200240030005002001000000210240B6
:1068F40003000500200200000060025803000500A8
:106904002100000000200240038005002101000056
:1069140000210240038005002102000000600258AB
:106924000380050024000000002002400300020050
:10693400240100000021024003000200FFFFFFFFCA
:1069440000000000000000000F0000001000000024
:1069540011000000120000001300000014000000E9
:1069640015000000160000001700000018000000C9
:10697400190000001C0000001C0000002B00000097
:106984002A00000029000000280000003200000056
:106994002C0000006A0000006B00000014000000DE
:1069A4001500000018000000190000001600000087
:1069B4001700000020000000030000001100000088
:1069C4000700000006000000210000002400000071
:1069D40005000000040000000100000000000000A9
:1069E4003B00000069000000020000001E000000DF
:1069F4001F0000002700000033000000000000001A
:106A0400000000002B170108A91701080F1701083F
:106A140073190108E5160108A5190108F5160108FE
:106A2400D9110108FB110108000FC93F000F4940AB
:106A340000CB9640000FC9400053FB4000CB1641E9
:106A440000ED2F41000F49410031624100537B4169
:106A5400003A8A4100CB9641005CA34100EDAF416E
:106A6400007EBC41000FC94100A0D5410031E24184
:106A740000C2EE410053FB4100F20342003A0A42D5
:106A84000083104200CB164200141D42005C2342D6
:106A940000A5294200ED2F4200363642007E3C42DA
:106AA40000C74242000F4942A2000000F900000062
:106AB400830000006E0000004E000000440000004F
:106AC4001500000029000000FC0000002700000061
:106AD40057000000D1000000F50000003400000061
:106AE400DD000000C0000000DB00000062000000C8
:106AF40095000000990000003C00000043000000E5
:106B04009000000041000000FE0000005100000061
:106B140063000000AB000000DE000000BB000000CA
:106B2400C500000061000000B70000002400000060
:106B34006E0000003A000000420000004D0000001A
:106B4400D2000000E0000000060000004900000040
:106B54002E000000EA00000009000000D10000003F
:106B6400920000001C000000FE0000001D00000058
:106B7400EB0000001C000000B10000002900000030
:106B8400A70000003E000000E800000082000000B2
:106B940035000000F50000002E000000BB000000DE
:106BA4004400000084000000E90000009C00000094
:106BB4007000000026000000B40000005F00000028
:106BC4007E00000041000000390000009100000038
:106BD400D6000000390000008300000053000000CC
:106BE40039000000F40000009C0000008400000054
:106BF4005F0000008B000000BD000000F9000000F1
:106C0400280000003B0000001F000000F800000006
:106C140097000000FF000000DE00000005000000F7
:106C2400980000000F000000EF0000002F0000009B
:106C3400110000008B0000005A0000000A00000050
:106C44006D0000001F0000006D0000003600000011
:106C54007E000000CF00000027000000CB000000F1
:106C640009000000B70000004F00000046000000CB
:106C74003F000000660000009E0000005F0000006E
:106C8400EA0000002D00000075000000270000004D
:106C9400BA000000C7000000EB000000E50000009F
:106CA400F10000007B0000003D0000000700000030
:106CB40039000000F70000008A00000052000000C4
:106CC40092000000EA0000006B000000FB000000DE
:106CD4005F000000B10000001F0000008D000000F4
:106CE4005D000000080000005600000003000000E2
:106CF4003000000046000000FC0000007B000000A3
:106D04006B000000AB000000F0000000CF000000AA
:106D1400BC000000200000009A000000F400000005
:106D2400360000001D000000A9000000E300000080
:106D340091000000610000005E000000E600000019
:106D44001B0000000800000065000000990000001E
:106D5400850000005F00000014000000A000000097
:106D640068000000400000008D000000FF000000EB
:106D7400D8000000800000004D00000073000000F7
:106D8400270000003100000006000000060000009B
:106D94001500000056000000CA0000007300000047
:106DA400A8000000C900000060000000E20000002C
:106DB4007B000000C00000008C0000006B0000009D
:106DC4000000C93F0000F0390000DA370000A233A8
:106DD4000000842E0000502B0000C2270000D022A7
:106DE4000000C41F0000C61B00004417040000007C
:086DF400070000000900000087
:086DFC009C94FE7F01000000E1
:106E0400A9120108190C000889180008A51B00081C
:106E1400E12400083D300008C1370008FD400008A7
:106E2400A546000839E90008C5F50008A90E0108BF
:046E3400D519010863
:106E3800F50B0008F11B0008B54600080DEA00082C
:106E480001000000010000001000000028280424B0
:106E5800000002580004025800080258000C0258AA
:106E6800001002580014025800180258001C02585A
:106E7800002002580024025800280258FFFFFFFF94
:106E8800004C025800000000000000000000000054
:106E980000000000000000000000000000000000EA
:106EA800010000000090D0030090D0031A030000F6
:106EB80000000000000000000000000000000000CA
:106EC8000000000000000000040309041201000291
:106ED800020200408304405700020102030100003F
:106EE800C5010108D10101084D0201086502010828
:106EF8001102010889020108A1020108DD01010847
:106F080009074300020104C032090400000102021B
:106F180000000524001001052401000104240202D8
:106F28000524060001070583030800100904010071
:106F3800020A00000007050102400000070582025E
:106F48004000000009024300020100C032090400A9
:106F580000010202000005240010010524010001BF
:106F68000424020205240600010705830308001013
:106F780009040100020A00000007050102400000A0
:106F8800070582024000000009024300020100C018
:106F98003209040000010202000005240010010566
:106FA80024010001042402020524060001070583C8
:106FB8000308001009040100020A00000007050187
:106FC800020002000705820200020000E50901082C
:106FD80095090108A508010800000000ED06010850
:106FE800410801080908010800000000000000002D
:106FF80000000000C10701087907010831070108EE
:10700800250701080A0600020000004001000000F0
:1070180000C2010000000800F50B01086D0B010813
:10702800710B0108510D0108F90C0108010100005C
:107038000A0000000A000000FC0100240000000013
:10704800E42604244C270424B42704240000000068
:107058000000000000000000000000000000000028
:107068000000000000000000000000000000000018
:107078000000000000000000000000000000000008
:08708800000000000000000000
:040000050801142DAD
:00000001FF
